query,frequency
Grafikdesign,585
Bürokaufmann/-frau,413
IT Berater,243
Vertrieb Manager,207
Webdesign,171
Verkäufer/in,153
Quereinsteiger,151
Kaufmännische/r Angestellte/r,134
IT Security,132
Industriekaufmann/-frau,128
Minijob,127
Büro,126
Büroassistent/in,126
Luftfahrttechnik,125
Erzieher/in,120
Data Analyst,117
Leiter IT,115
technischer Zeichner,113
Technischer Leiter,112
Systemadministrator/in,106
Finance,102
Buchhalter/in,100
Arbeitsvorbereitung,97
Industriemeister,97
Logistik,96
Umwelt,94
Mitarbeiter/in Empfang,93
Kaufmännische/r Sachbearbeiter/in,92
Fachinformatiker Systemintegration,92
Marketing,85
Lebensmitteltechnik,84
Trainer,84
SPS,82
Bauzeichner,81
Einzelhandelskaufmann/-frau,79
Fachkraft Lagerlogistik,79
Sachbearbeiter,77
Verpackungstechnik,75
Medizintechnik,74
Medizinische/r Fachangestellte/r,69
Software-Tester/in,69
Umweltmanagement,68
Kaufmann/-frau,66
Fahrer,66
Architektur,64
Bautechniker,62
Qualitätssicherung,60
SAP Consult,59
cam,59
Hausmeister/in,58
Verwaltungsfachangestellte/r,58
Buchhaltung,56
Vertrieb International,56
büro,55
Wasserwirtschaft,54
Unternehmensberatung,54
Sozialpädagoge/in,53
Maschinenbautechniker,53
C,51
Sekretär/in,51
Automatisierung,50
Vertriebsinnendienst,50
Kunststofftechnik,49
Sozialarbeiter/in,49
Supply Chain,49
HR Business Partner,48
minijob,48
Ingenieur/in,47
Vertrieb,45
Energiemanagement,44
Kältetechnik,43
marketing,43
Sachbearbeiter/in Einkauf,43
Teilzeit,43
Politische Kommunikation,43
Einkauf,43
Kaufmännischer Leiter,42
Homeoffice,41
Personalsachbearbeiter/in,41
Geschäftsführer/in,41
Robotik,40
Wirtschaftsinformatik,39
Koch/Köchin,38
Ingenieur Elektro,38
Leiter Qualitätsmanagement,38
Industriemechaniker/in,38
Bilanzbuchhalter,38
Mediengestalter/in,37
Projekt-Manager/in,37
Lagerhelfer/in,37
Controller/in,36
Teamleiter/in,36
Grafik-Designer/in,35
Werkstoff,35
IT Sales,35
Produktentwicklung,35
IT Manager,34
Logistik Manager,34
HR Manager,34
Maschinenbauingenieur/in,34
Messtechnik,34
Cplusplus,33
Chemielaborant/in,33
Leiter Instandhaltung,33
Software-Entwickler/in,32
Fachinformatiker,31
Kommunikation,30
Entwicklungsingenieur,30
Tiefbau,30
Bauingenieur/in,30
Leiter Rechnungswesen,30
Außendienstmitarbeiter/in,30
Elektriker/in,30
Berater,29
Reinigungskraft,29
Junior Softwareentwickler,29
Medientechnik,29
Kaufmännische/r Mitarbeiter/in,29
Optik,28
Konstrukteur/in,28
Finanzbuchhalter/in,28
Hardware-Entwickler/in,28
Disponent/in,28
Junior Ingenieur,27
Servicetechniker/in,27
Verfahrenstechnik,27
Physiotherapeut/in,27
Elektrokonstruktion,27
Immobilien,27
Materialwissenschaft,26
Techniker/in,26
Krankenschwester,26
Architekt/in,26
Chemieingenieur,26
ingenieur/in,26
Vertrieb Medizin,25
Ingenieur Umwelt,25
Mitarbeiter/in Gastronomie,25
Systemkaufmann,25
Strategischer Einkauf,24
Marketing-Manager/in,24
Lohn- und Gehaltsbuchhalter/in,24
IT Junior,24
Elektroniker/in,24
Raumplanung,24
Event-Manager/in,24
technische Chemie,24
Technischer Einkauf,24
Altenpfleger/in,24
Drucktechnik,23
Sales-Manager/in,23
HR,23
Volkswirt,23
Restaurantfachmann/-frau,23
Web-Entwickler/in,23
Bankkaufmann/-frau,23
Lager- und Transportarbeiter/in,23
Projektleiter IT,23
Lagermitarbeiter/in,23
Mechatroniker/in,23
Handelsfachwirt,23
Einkäufer/in,23
Schweißtechnik,23
Gebäudetechnik,23
Trainee BWL,22
Leiter Marketing,22
Rechtsanwaltsfachangestellte/r,22
Presse,22
Betriebswirt/in,22
quereinsteiger,22
Verwaltung,22
Speditionskaufmann/-frau,22
Verkäufer/in Außendienst,22
Bilanzbuchhalter/in,22
Versuchsingenieur,22
Assistenz,22
Ingenieur Fertigung,22
Einkauf Sachbearbeiter,21
Kaufmann,21
einkauf,21
Chemie,21
Werkstofftechnik,21
Verkaufsfahrer/in,21
Software-Architekt/in,21
Metalltechniker/in,21
Werkstudent,21
Netzwerk-Administrator/in,21
Kreditorenbuchhaltung,21
verkauf,21
Kfz-Mechatroniker/in,20
Immobilienkaufmann/-frau,20
Mfa,20
it,20
Maschinenbautechniker/in,20
Anlagenführer/in,20
Psychologin,20
Elektroingenieur/in,20
Personalberater,20
Technischer Aussendienst,20
PR,20
Controlling,19
Performance Marketing,19
Bürokauffrau,19
Elektromeister/in,19
Sachbearbeitung,19
Mitarbeiter/in Vertriebsinnendienst,19
Personalrecruiter/in,19
Teamleiter IT,18
Biologe/-in,18
Key-Account-Manager/in,18
Technischer Betriebswirt,18
Krankenpfleger/in,18
Empfang,18
MFA,18
Geschäftsführer,18
Zahntechniker/in,18
Gesundheitspfleger/in,18
Innenarchitektur,18
Umwelttechnik,18
Sachbearbeiter/in Vertrieb,18
Steuerberater,18
Aushilfe,18
vertrieb,18
Vertriebsmitarbeiter/in,17
Leiter Einkauf,17
Meister,17
Datenerfasser,17
Kaufmännische/r Assistent/in,17
Software Ingenieur,17
Online-Marketing-Manager/in,17
Trainee Ingenieur,17
Koch,17
Lkw fahrer,17
Produktdesigner/in,17
Karosseriebau,17
Pharmazeut/in,17
Betriebsleiter/in,16
Datenbankadministrator,16
Personal,16
Teamassistent/in,16
BWL,16
Leiter,16
Kfz-Mechaniker/in,16
Ergotherapeut/in,16
Personalleiter/in,16
Maler,16
Vertrieb Automotive,16
Personalreferent/in,16
Assistent/in Management,16
Aussendienst Pharma,16
Ingenieur Mechatronik,16
Pädagogische/r Mitarbeiter/in,16
Versorgungstechnik,16
Jurist/in,16
Teamleiter/in\xa0Lager,16
Gesundheitsmanager/in,16
Technische/r Zeichner/in,16
Ingenieur Qualität,15
Ausbildung,15
Geotechnik,15
Bürokraft,15
Personalentwickler/in,15
Automobilkaufmann/-frau,15
Anlagenmechaniker/in,15
Abteilungsleiter/in Logistik,15
Energietechnik,15
Assistent/in\xa0Marketing,15
Innenarchitekt/in,14
Berechnungsingenieur,14
Leiter Softwareentwicklung,14
Tischler/in,14
sport,14
Projektleiter/in,14
Leiter Controlling,14
Hauswirtschafter/in,14
Maschinentechnik,14
Elektrotechniker/in,14
sachbearbeiter,14
Auftragssachbearbeiter/in,14
Sachbearbeiter/in Disposition,14
Qualitätsmanager/in,14
werkstudent,14
Logistik Sachbearbeiter,14
Mitarbeiter/in Einkauf,14
Vertriebsleiter/in,14
IT-Administrator/in,13
Designer/in,13
SPS-Programmierer/in,13
Bauleiter,13
Aussendienst Medizin,13
Ingenieur Logistik,13
Oberflächentechnik,13
Lager,13
Sachbearbeiterin,13
Gebäudetechniker/in,13
Arzt/Ärztin,13
Transportlogistik,13
Elektroinstallateur/in,13
Projektentwicklung,13
Straßenbau,13
Berufskraftfahrer,13
verwaltung,13
Heilerzieher/in,12
Chemie-Ingenieur/in,12
logistik,12
Handelsvertreter,12
Leiter Logistik,12
Business Development,12
Officemanager/in,12
Instandhaltungsmechaniker/in,12
Klimatechnik,12
Unternehmenskommunikation,12
Logistiker/in,12
Ingenieur,12
Verkäufer,12
Wirtschaftsingenieur/in,12
Innendienst,12
It,12
Konstrukteur/in Maschinenbau,12
Entwicklungsingenieur/in,12
bau,12
Stadtplaner/in,12
Maschinenbau,11
Steuerfachangestellte/r,11
Technischer Vertrieb,11
Fahrdienst,11
Kreditorenbuchhalter/in,11
Reinigung,11
Tragwerksplanung,11
Bauzeichner/in,11
Kommissionierer/in,11
Gebietsverkaufsleiter,11
Technische/r Leiter/in,11
fahrer,11
Call-Center-Agent/in,11
CNC,11
Technische Chemie,11
Pädagoge/-in,11
Hausmeister,11
Assistent/in der Leitung,11
Serviceleiter,11
leitung,11
Industriemechaniker,11
einzelhandel,11
immobilien,11
ingenieur,11
Kaufmann/-frau Gesundheitswesen,11
Business Analyst,11
Versicherungskaufmann/-frau,11
Logistikmeister,11
Einkauf IT,11
Sporttherapeutin,11
Lagerleiter/in,11
Referent/in Presse- und Öffentlichkeitsarbeit,11
fachinformatiker,11
Wirtschaftsingenieur Bau,11
Qualität,11
büromanagement,11
Kraftfahrer,11
Produktmanager/in,11
Biologielaborant/in,11
Leiter/in Einkauf,11
Ausbilder,11
Procurement,11
Leitung,10
kaufmann,10
Projektmanager,10
Abteilungsleiter/in Personalwesen,10
Chemikant/in,10
Heilerziehungspfleger,10
Außenhandelskaufmann/-frau,10
Abteilungsleiter/in IT,10
CNC-Programmierer/in,10
Gastronomie,10
Immobilienassistent/in,10
Schreiner,10
Verkauf,10
Prozesstechnik,10
IT,10
Hochfrequenztechnik,10
Pflege,10
E-Commerce-Manager/in,10
Filialleiter/in,10
CATIA,10
Sachbearbeiter/in,10
Mitarbeiter/in Technischer Vertrieb,10
Systembetreuer,10
Schlosser,10
Produktionstechnik,10
Meister/in Handwerk,10
Pflegedienstleiter/in,10
Werkzeugmechaniker/in,10
Metallbaumeister/in,10
Sachbearbeiter/in Kundendienst,10
Vermessungstechniker,10
Manager,10
Mathematiker/in,10
product management,10
Klempner,9
Organisationsentwickler/in,9
Trainer/in,9
produktion,9
Küchenhilfe,9
Immobilienfachwirt/in,9
Kaufmännische/r Leiter/in,9
Pflegefachkraft,9
Assistent/in Vertrieb,9
Sport,9
Elektro,9
Elektroniker,9
koch,9
Sozialversicherungsfachangestellte/r,9
Regulatory-Manager/in,9
Erzieherin,9
Kauffrau für Büromanagement,9
Zerspanungsmechaniker,9
Personalvermittler/in,9
Helfer,9
Kfz-Sachverständige/r,9
HR Controlling,9
Metallfacharbeiter/in,9
Staplerfahrer,9
Jurist,9
Pharmaindustrie,9
Kfz,9
Personalberater/in,9
Zoll,9
Bildung,9
Feuerwehr,9
Gas- und Wasserinstallateur/in,9
Bautechniker/in,9
Sozialpädagogin,9
Debitorenbuchhalter/in,9
Arzthelferin,9
Ingenieur Metall,9
home-office,9
Werkstoffingenieur/in,9
Stahlbau,9
Jobs,9
kauffrau,9
Mechatroniker,9
Alltagsbegleiter,9
Tiefbauingenieur/in,9
technischer Betriebswirt,9
Technische/r Produktdesignerin,9
Leiter/in Operations,8
Bauleiter/in,8
Raumfahrttechnik,8
Chemietechniker/in,8
Rechtsanwältin/Rechtsanwalt,8
Teamleiter/in Instandhaltung,8
SAP-Berater/in,8
Steuerberater/in,8
Werkstoffprüfer/in,8
assistenz,8
industriemeister,8
Physiker/in,8
Instandhaltung,8
Personalmarketing,8
Abteilungsleiter/in,8
Bundeswehr,8
Schweißer/in,8
quereinstieg,8
Büroleiter/in,8
Pflegeberater/in,8
Friseurin,8
Facility-Manager/in,8
Rechtsfachwirt/in,8
Qualitätsmanagement,8
Leiter SAP,8
Akustik,8
bürokaufmann--frau,8
personal,8
Immobilienbetreuer/in,8
Logistik-Manager/in,8
autohaus,8
Technische/r Designer/in,8
kauffrau im gesundheitswesen,8
Laborant/in,8
marketing pr,8
Assistentin,8
Vertriebsmanager/in,8
Online Marketing,8
adas,8
kommissionierer,8
Verkaufsberater,8
innendienst,8
Sicherheitstechnik,7
parkett,7
produktionsmitarbeiter,7
Medien,7
Gabelstaplerfahrer,7
Produktionsleiter/in,7
Pflegehelfer,7
Produktionshelfer,7
Versuchsingenieur/in,7
Physiotherapeut,7
Marketing-Mitarbeiter/in,7
Kinderpfleger/in,7
kommunikation,7
Krankenkasse,7
controller,7
Industriekauffrau,7
Projektmanagement,7
Vertriebsmitarbeiter/in Export,7
Sachbearbeiter/in\xa0Logistik,7
erneuerbare energien,7
Treasury,7
homeoffice,7
Mini job,7
mediengestalter,7
Lean-Manager/in,7
Remote,7
Vertrieb Medizintechnik,7
praktikum,7
Media-Manager/in,7
Gärtnermeister/in,7
Kauffrau,7
Lkw,7
Export,7
Wirtschaftsrecht,7
c,7
Sachbearbeiter/in Controlling,7
maler,7
Werbung,7
Sachbearbeiter/in Finanz- und Rechnungswesen,7
Medizintechnik-Ingenieur/in,7
Heilpädagoge/in,7
industriekaufmann,7
Biologe,7
Wissenschaftliche/r Mitarbeiter/in,7
Hotelkaufmann/-frau,7
head  of sales and marketing,7
Landwirt/in,7
kfz meister,7
Zerspanungstechniker/in,7
Alltagshelfer,7
520€,7
Verkäuferin,7
Inbetriebnahme,7
Wirtschaftsingenieur Logistik,7
Schulbegleiter,7
Business-Development-Manager/in,7
Naturwissenschaftler/in,7
bremse,7
CRM-Berater/in,7
Objektleiter/Gebäudereinigung,7
Buchhaltung datev,7
entsorgung,7
Souschef,7
Projektleiter/in Vertrieb,7
digital marketing,7
innovation manager,7
Ausführungsplanung,7
medizintechnik,7
lebensmittel,6
empfang,6
Baumarkt,6
Photovoltaik,6
bodenverleger,6
Rechnungswesen,6
Gebäudereiniger,6
Veranstaltungstechniker/in,6
kaufmännisch,6
Einkäufer,6
Mitarbeiter/in Kundenservice,6
Vertriebsingenieur,6
Medizin,6
Produktionsmitarbeiter,6
Mediengestalter,6
Spanisch,6
Nebenjob,6
Vorstand,6
Marktleiter/in,6
Vollzeit,6
Innovationsmanagement,6
Projektleiter/in\xa0Logistik,6
CAD-Konstrukteur/in,6
Anwendungstechnik,6
Metall,6
SAP Junior,6
Modelling,6
Meister/in Chemie,6
Sportkaufmann/-frau,6
Kellner,6
Erneuerbare Energien,6
Sales,6
Augenoptiker,6
Vermessungsingenieur/in,6
Psychologie,6
Personalbuchhalter/in,6
Betreuungskraft,6
Sachbearbeiter/in Debitorenbuchhaltung,6
medizin,6
Marketing Trainee,6
Product Owner,6
Außendienst,6
Produktion,6
Personalmanager/in,6
Materialwissenschaften,6
Technische/r Einkäufer/in,6
Rosmannn,6
elektrische antriebstechnik,6
Account-Manager/in,6
Vertrieb Berater,6
Soziales,6
Konstrukteur,6
Schienenfahrzeuge,6
Notarfachangestellte/r,6
Außendienstmitarbeiter/in Medizintechnik,6
Grafiker/in,6
Industriemeister metall,6
Rezeption,6
Innendienstleiter,6
Küchenplaner,6
data warehouse,6
Kinderbetreuung,6
Datenerfassung,6
betreuungskraft,6
life science,6
Politik,6
handwerk,6
Politikwissenschaftler,6
Vertriebsleiter,6
Controlling-Manager/in,6
Webdesigner/in,6
IT Organisator,6
Vorstandsfahrer,6
compliance manager,6
Führungskraft Handel,6
Nachhaltigkeit,6
produkionshelfer,6
kassiererin,6
mietkoch,6
Autohaus,6
Laborant,6
biologisch-technische/r assistent/in,6
Fahrer klasse B,6
Metallbauingenieur/in,6
Sicherheitsmitarbeiter,5
Catia,5
Redakteur,5
Ernährungswissenschaftler/in,5
Metallbauer,5
Therapeut/in,5
Führungskraft,5
Kassierer,5
Leiter/in Automotive,5
Leiter/in IT,5
Cnc,5
Einzelhandel,5
Ingenieur Software,5
Landwirt,5
vertriebsingenieur,5
Medizintechniker/in,5
Fuhrparkleiter/in,5
Tankstelle,5
Veranstaltungskaufmann/-frau,5
Industriefacharbeiter/in,5
Sicherheit,5
Elektronikentwickler,5
fleischer,5
Medizinische/r Assistent/in,5
Qualitätskontrolleur/in,5
Kaufmann Büromanagement,5
Schichtleiter/in,5
Handwerk,5
Kundendienst-Techniker/in,5
Aussendienst,5
Buchhalter,5
brandschutzplanung,5
daten,5
Projektleiter,5
IT-Berater/in,5
maschinen und anlagenführer,5
cloud,5
Gesundheit,5
Abteilungsleiter/in Vertrieb,5
Altium,5
mfa,5
außendienst,5
Techniker Maschinenbau,5
elektro,5
Fotograf,5
Journalist/in,5
"preclinical in vivo pharmacology, Forschung und Entwicklung, Gruppenleiter",5
Java-Entwickler/in,5
Service-Manager/in,5
Näherin,5
Lkw Fahrer,5
Design,5
Trainee Betriebswirtschaft,5
Auslieferungsfahrer,5
Servicetechniker,5
Elektrische Antriebe,5
Datenschutz,5
Backoffice,5
Finanz-Controller/in,5
Prozessmanager/in,5
Züblin,5
TÜV SÜD AG,5
Property,5
Medientechnologe/in,5
Projekt,5
Maschinenbautechnik,5
Projekteinkauf,5
Hochbau,5
Qualitätstechniker/in,5
Einkaufsleiter,5
Redakteur/in,5
fachlagerist,5
Lagerist,5
Küchenverkäufer,5
Bau,5
Minijob für Rentner,5
werkstudent bwl,5
Projektassistent/in,5
Teamleiter/in IT,5
Qualitätsplaner/in,5
verkauferin,5
biologe,5
kfz,5
Systemkauf,5
Pharma,5
Programmierer,5
coach,5
Küchenleiter,5
Kinderkrankenschwester,5
Service-Monteur/in,5
Instandhaltung Ingenieur,5
Anwendungsentwickler/in,5
Social Media Manager,5
Architekt,5
Technologiemanagement,5
öffentlicher dienst,5
Fachlagerist,5
Fahrerassistenzsysteme,5
Lackierer/in,5
vertriebsaußendienst,5
Csharp,5
Vertriebsmitarbeiter,5
Kunststoff,5
hundesitter,5
Soziale arbeit master,5
sap pp,5
TRAINEE,5
Feinwerkmechanikermeister/in,4
Praktikum,4
küchenleiter,4
Teamleiter,4
Prozess,4
Teamleiter/in Personalwesen,4
Altagsbegleitung,4
Modedesign,4
Bausch   Ströbel,4
Hr,4
Rechtsanwaltsfachangestellte,4
Gebietsleiter/in,4
Objektleiter/in,4
Justizangestellte,4
Sekretärin,4
ausbildung,4
Bauingenieur,4
Mitarbeiter/in Service/Support,4
Pflegefachfrau,4
Praxismangerin,4
Leiter/in Anlagenbau,4
Financial Accountant,4
Statiker,4
Warenverräumung,4
Gebäudereinigung,4
chemiker,4
Mechaniker/in,4
Gebäudemanager/in,4
Tischler,4
Hochbautechniker/in,4
fahrer b,4
SAP-Manager/in,4
Erzieher,4
teamleiter,4
Verwaltungsfachwirt,4
Category-Manager/in,4
Testingenieur/in,4
kraftwerker,4
Meister/in - Schutz und Sicherheit,4
teilzeit,4
Busfahrer,4
Home office,4
Qualitätsprüfer/in,4
Fertigungsmeister/in,4
Fertigungsplaner/in,4
Rohrleitungsbau,4
Management,4
Bauzeichne,4
Pförtner,4
Heizungsbauer/in,4
Produktionsplaner,4
Dachdecker,4
Sicherheitsmanager/in,4
Fahrrad,4
Lebensmitteltechnologe/-in,4
erp,4
Bezirksleiter,4
Produktmanager,4
food,4
Stapler,4
Qualitätsingenieur/in,4
Data,4
helfer,4
Kosmetik,4
Assistenzarzt/-ärztin,4
Psychologe/in,4
Straßenwärter,4
Friseur,4
Tourismuskaufmann/-frau,4
Ergotherapie,4
baustoffe,4
unternehmenskommunikation,4
Leiter/in\xa0Forschung,4
Küchenchef,4
Sondermaschinenbau,4
karosserie,4
Kaufmann/-frau - Büromanagement,4
Pharma-Manager/in,4
bürokommunikation,4
Baustoffprüfer/in,4
Produktenwickler,4
Leiter/in Qualitätswesen,4
Data Scientist,4
Spezialist/in Marketing,4
küchenhilfe,4
Kauffrau für büromanagement,4
supply,4
backoffice,4
Taxi oder Apothekenfahrer,4
Payroll,4
Mechaniker,4
Fuhrpark,4
analyst,4
Zahnarzthelferin,4
Technische/r Redakteur/in,4
Hausverwaltung,4
Servicetechniker/in Elektrik,4
fotograf,4
Firmenkundenberater,4
techniker,4
Hardware-Techniker/in,4
tier,4
Museum,4
Warenverkauferin,4
schlosser,4
Niederlassungsleiter/in,4
Trockenbau-Monteur/in,4
Medizinische/r Dokumentar/in,4
business intelligence,4
Sozialarbeiter,4
schweißtechnik,4
Regelungstechnik,4
process,4
Fachwirt,4
Techniker,4
Referent/in für Finanz- und Rechnungswesen,4
leiter,4
Mathematiker,4
Lader,4
Assistenz der Geschäftsführung,4
Bankberater/in,4
data,4
Kaufmann für Büromanagement,4
Duale stuidum Wirtschaftsinformatik,4
Embedded-Systems-Entwickler/in,4
Sachbearbeiter Natur,4
Projektkoordinator/in,4
marketing kommunikation,4
Soziale arbeit,4
project engineer,4
SAP FI/CO,4
Teamleiter/in Fertigung,4
Fahrradmonteur,4
"Verkäuferin, Einzelhandelskauffrau",4
sachbearbeiter versand,4
Prozesstechniker/in,4
it administrator,4
customer service,4
Recruting,4
kinder,4
Debitor/in,4
Coach,4
schweißfachmann,4
Jornalist,4
Quereinstieg,4
call center agent,4
Wirtschaftsjurist/in,4
Projektingenieur/in,4
Recruiting,4
Wärmepumpe,4
SAS,4
nachtschicht,4
Securiti,4
Büroangestellte,4
Bäckerei,4
Finanz,4
folierung,4
Leiter/in\xa0Engineering,4
Personalleiter,4
Maler und lackierer,4
telefonakquise b2b,4
"Büro, Verwaltung   med. Schreibkraft",4
Chemisch-technische/r Assistent/in,4
jurist,4
kfz-meister,4
head of product management,4
pt1,4
Sozial,4
head of marketing,4
Vertriebsberater,4
64756,4
Java,4
Metallurge/-in,4
Human Resources,4
Importmitarbeiter/in,4
Marketing Controlling,4
3b scientific,4
Informatiker,4
Leistungselektronik,4
scientist,4
Industriemeister Elektrotechnik,4
manager procurement,4
studium,4
hauswirtschaftsleitung,4
cyber Security,4
Nacht,4
Fahrer Klasse B,4
maschinenbauingenieur,4
Mikroelektronik,4
ISTQB,4
Steuerassistent/in,3
Texter,3
Lebensmitteltechniker/in,3
sachbearbeiterin,3
Ernährung,3
Zollmitarbeiter/in,3
Zoll beamte,3
Betribsleiter,3
Teamleiter/in Konstruktion,3
vollzeit,3
Medizinische/r Berater/in,3
40549,3
Zahnmedizinische,3
kellner,3
Compliance-Manager/in,3
Soziale Arbeit,3
Promotion,3
Lehrer,3
Putzfrau,3
kurier,3
Projektleiter/in Anlagenbau,3
payroll,3
Lebensmittelchemiker/in,3
Brand,3
kraftfahrer,3
Art Director,3
Grafikdesigner,3
international,3
Theolog,3
Tesař,3
office manager,3
Lagerrist,3
Beamter,3
cfo,3
Übersetzer,3
Gesundheits- und Krankenpfleger/-schwester,3
Ingenieur Tiefbau,3
Entgelt,3
Fertigungsoptimierer/in,3
Dozent/in,3
Produktionsingenieur/in,3
Wasserstoff,3
pharma,3
Psychotherapeut/in,3
Betreuungsassistent,3
qs,3
elektromeister,3
Working student,3
Ehs,3
Industriemeister Chemie,3
Kaufmann Groß,3
Verkaufsleiter,3
rumänisch,3
Lehrer/in,3
Rettungsassistent/in,3
Gesundheitsberater/in,3
konstrukteur,3
Fachberater,3
Trainee Vertrieb,3
teamassistenz,3
Wirtschaftsinformatiker/in,3
lagerist,3
Content-Manager/in,3
projekt,3
siemens,3
mitarbeiter/in vertriebsinnendienst,3
Elektrotechniker,3
trainee,3
Barista,3
Rentner,3
Assistent,3
Medizinisch-technische/r Laborassistent/in,3
Pförtner Empfang,3
Kaufmann für versicherungen und finanzanlagen,3
Kosmetikerin,3
Holztechniker,3
Game-Designer,3
Kunststoffingenieur/in,3
Bergbau,3
Biologie,3
Kaufmännische Angestellte,3
cnc,3
Öffentlichkeitsarbeit,3
Fliesenleger,3
Haustechnik,3
Objektleiter,3
elektroniker,3
grafikdesign,3
Pressesprecher/in,3
Ingenieur Instandhaltung,3
Ingenieur Test,3
Transporter/in,3
Sachbearbeiter/in Supply Chain,3
Assistent/in Produktion,3
gesundheitsmanagement,3
Monteur,3
Warenannehmer/in,3
Sachbearbeiter Einkauf,3
reinigungskraft,3
Sales Representative,3
Produktentwickler/in,3
Vermessung,3
Kurierfahrer,3
Kurierfahrer B,3
KI,3
Materialdisponent/in,3
Apotheker,3
rettungssanitäter,3
Baumpfleger,3
Navision,3
nebenjob,3
Devops,3
Servieleiter,3
export,3
inhaber,3
Dienstbarkeiten,3
mediendesigner,3
Reginaler Verkaufsleiter,3
Trainee,3
Risk,3
lager,3
Fachinformatiker systemintegration,3
Sanitär,3
Visum,3
chemie,3
Energieingenieur/in,3
33161,3
Systeminformatiker/in,3
Außendienstmitarbeiter/in Pharma,3
Montage Ingenieur,3
Pta,3
grafik,3
ferienjob,3
Referent,3
helfer mit behinderung,3
Stadtwerke,3
MTLA,3
kaufmännsiche Leitung,3
leiter rechnungswesen,3
Bäckereiarbeiter,3
ATA,3
AUSHILFE,3
mini job,3
Global HR,3
Personalsachbearbeiter,3
Maschinenbau Vertrieb,3
Kundenberater/in,3
Bürokauffrau für büromanagment,3
Sozialassistent/in,3
Hauswirtschaft,3
Werkzeug-Konstrukteur/in,3
duales Studium,3
Umweltwissenschaften,3
schweißaufsicht,3
Servicekraft,3
Metzger,3
specialist,3
Sicherheitsdienst,3
Security,3
Chemikant,3
SAP,3
SAP S/4 HANA,3
IT-Netzwerkadministrator,3
Labor,3
Feinwerkmechaniker/in,3
Serviceberater,3
Vertriebskoordinator/in,3
Zahnarzt,3
Handwerkliches geschick,3
Steuerfachwirt/in,3
Schulbegleitung,3
fitness,3
vertriebsmitarbeiter,3
Maschinenführer,3
Teamleiter/in Disposition,3
berufskraftfahrer,3
Sozialpädagoge,3
Konstruktionsmechaniker/in,3
Haustechniker,3
geschäftsführer immobilien,3
MTA,3
geschäftsbereichsleiter,3
Mtra,3
führungskraft,3
ingenieurwesen,3
Musiklehrer,3
Betriebsorganisation,3
Natur,3
Lagermitarbeiter,3
Gesundheitswissenschaften,3
Trainee Personalwesen,3
PHP-Entwickler/in,3
apotheker,3
Koordinator/in,3
Programmierer/in,3
metallbaumeister,3
Test-Manager/in,3
procurement,3
technische informatik,3
ciso,3
Fahrzeuglackierer/in,3
rechnungswesen,3
Vermessungstechniker/in,3
Controller,3
Sozialarbeiterin,3
Floristin,3
zweirad,3
agile coach,3
Amazon,3
Softwareingenieur,3
biochemie,3
Bürohilfe,3
service,3
SAP ABAP,3
Verpackungsingenieur/in,3
SAP Anwendungsentwickler,3
maier,3
werkstudent recht,3
werkzeugbau,3
IT-Projekt-Manager/in,3
Projektleiter/in IT,3
Ökotrophologe,3
Mediengestalter/in Digital und Print,3
Bauteilverantwortlicher,3
Erneuerbare energien,3
Brand-Manager/in,3
Kampagnen-Manager/in,3
Chemiker/in,3
meister,3
general practitioner,3
Regen,3
industriekauffrau,3
sales,3
Archivar/in,3
Werstudent grafikdesign,3
Schienenfahrzeugreiniger,3
Gleisbauer,3
System-Ingenieur/in,3
stadtplanung,3
Funktechnik,3
Erwachsenenbildung,3
Kempten,3
offshore,3
Gebietsverkäufer,3
bildbearbeiter,3
ZMF,3
bundesfreiwilligendienst,3
Fachinformatiker für Systemintegration,3
sicherheitsfachkraft,3
Herstellungsleiter/in,3
Elektroinstallateur,3
erp-,3
Lagerhelfer,3
Sanitätshaus,3
63303,3
Medizintechnik managment,3
Techniker Elektrotechnik,3
coaching,3
Brandschutz,3
junior,3
Lübeck,3
bildung,3
Arbeit,3
Sozialbetreuer,3
Microsoft-Entwickler/in,3
midijob,3
maschinenbauttechniker,3
Altenheim,3
Datenschutzbeauftragte/r,3
Vertriebsmitarbeiter Außendienst,3
Senior Ingenieur,3
kaufmann büromanagement,3
Home Office,3
packmitteltechnologe,3
wissenschaftler,3
postdoc,3
molecular,3
molekular,3
Industrieelektronik,3
online marketing,3
head of digital,3
bachelor,3
OTA,3
product owner,3
Podologe,3
HiL,3
gärtner,3
Ethik,3
digitale medien,3
lkw fahrer,3
Labortechniker/in,3
Betriebswirt für Ernährungs und Versorgungsmanagement,3
reve getränkemarkt,3
roboter,3
wertanalyse,3
lieferantenentwicklung,3
Reinigungskräfte,3
Texter oder Übersetzer,3
Feinwerktechnik,3
Leiter/in Buchhaltung,3
staplerfahren,3
Selber wölfe,2
Sekretariat,2
Ogs,2
Operationsmanager/in,2
Elektroingenieur,2
Industriemeister Metall,2
Prince,2
make up artist,2
Kälteanlagenbauer/in,2
Personalwesen,2
Flugbegleiter,2
Schreibkraft,2
altagsbegleitung,2
Immobilienmakler,2
Douglas,2
Leiter/in\xa0Konstruktion,2
Medizinische schreibkraft,2
Personalcontroller/in,2
Konzeptionstexter/in,2
Französisch,2
sap,2
Soziologe,2
Quereinsteigerin,2
Edeka,2
Bürokaufmann,2
Bodenleger,2
Teamleiter/in Entwicklung,2
laminat,2
Kurierdienst,2
Teamleitung fertigung,2
Lead equipment,2
Biologisch-technische/r Assistent/in,2
Mediendesigner/in,2
production engineer,2
industrial engineer,2
Traumjob,2
hr manager,2
versicherung,2
Cta,2
oberbank,2
SEO Manager/in,2
Familienpfleger,2
Change Manager,2
Dms,2
Finanzen,2
Maschinenbediener,2
Schweißfachmann,2
Alltagsbegleitung,2
Recht,2
الصور,2
operator,2
Pflegedienstleitung/Einrichtungsleitung,2
Dokumentation,2
Geschäftsleiter/in,2
Zweiradmechaniker/in,2
Abteilungsleiter/in Controlling,2
Geschäftsführung,2
Lebensmittelchemie,2
kurierfahrer,2
Ordnungsdienst,2
Marketplace Manager,2
Exportsachbearbeiter/in,2
Redakktion,2
Entrümpeln,2
Haushaltsauflösung,2
Rümplung,2
Abriss,2
testingenieur embedded systems,2
Product manager,2
Küschepfleger,2
Job ohne Ausbildung,2
Maler und Lackierer,2
Niederlassungsleiter,2
Mitarbeiter Qualitätssicherung,2
Import,2
Testfahrer,2
brandschutz,2
Versicherungssachbearbeiter/in,2
bürokraft,2
enercity,2
steuerfachangestellter,2
Midijob,2
Übersetzung,2
Freelancer/in,2
Radiologie,2
Qualitäts-Experte/in,2
meister elektrotechnik,2
tschechisch,2
Junior Controller,2
Germanistik,2
social media,2
Ingenieur/in Betrieb,2
meister metall,2
betriebsleiter,2
Kindergarten,2
ecommerce,2
Consulting,2
Logistik Ingenieur,2
Medizinprodukteberater/in,2
Metallbaumeister,2
head of r,2
GEBÄUDEREINIGUNG,2
elektrochemie,2
Heizungsbauermeister/in,2
Model,2
devops,2
Leiter Finanz- und Rechnungswesen,2
Kraftwerk,2
Instandhaltungsingenieur/in,2
maschinenbau,2
Metal,2
aok,2
Objektmanager/in,2
Ausbildung Notfallsanitäter,2
Change Management,2
Produktionmitarbeiter,2
3d artist,2
Arbeitssicherheit,2
Lebensmitteltechnische/r Assistent/in,2
IT Projektleiter,2
Schweisser,2
abas,2
Erziehungswissenschaft,2
Film,2
Politische Bildung,2
Administrator/in,2
Fitnesstrainer,2
Patentsachbearbeiter/in,2
vfx,2
Technik und Verkauf,2
Projektleitung Allrounder,2
IT-Analytiker/in,2
Bürofachkraft,2
Projekt-Sachbearbeiter/in,2
Rhein main,2
Gesundheitswesen,2
Informatiker/in,2
Automobil,2
entwickler,2
Restaurator,2
Gesundheits und Krankenpfleger,2
schreiner,2
Botendienst,2
Zahnmedizin,2
Radladerfahrer,2
ausbildung it sicherheit,2
Leiterplatten,2
remote,2
Produktionsfachkraft,2
recruiter,2
Logistikfachkraft,2
medien,2
Schaltschrank,2
Energieberater/in,2
Käufmänuscher leiter,2
biologie,2
Personalentwicklung,2
Schülerjob,2
Inhouse-Berater/in,2
oracle,2
Automatisierunstechniker,2
Gefahrstoff,2
Elektriker,2
Holzt,2
Raumausstatter/in,2
SICK AG,2
Versicherung,2
STRASSENBAHNFAHRER,2
Anlagenführer,2
euroroll,2
Teamassistentin,2
Ingenieur Maschinenbau,2
1723152160,2
elektriker,2
leiter/in einkauf,2
Mecatronik,2
Dekoration,2
Kaufmännische,2
direktor,2
Psychologische Fachkraft,2
bekleidungstechniker,2
Spanish,2
Betriebsmaler,2
lean,2
Elektrotechnik,2
Marktforscher/in,2
Stuttgart,2
Sportwissenschaften,2
Heizungsmonteur/in,2
Immobilienffrau,2
Vorarbeiter/in,2
Trainee Bauwesen,2
Betriebswirt,2
Zahnmedizinische fachangestellte,2
Aufsichtsrat,2
Molekularbiologe/-in,2
pharmamitarbeiter,2
Werkzeugmaschinen,2
php,2
interne Kommunikation,2
Küche,2
Filialleiter,2
Teamleiter/in Einkauf,2
Consultant,2
maschinenführer/in,2
Yaskawa,2
Mini Job,2
Küchen hilfe,2
Asphaltbauer,2
Walzenfahrer,2
auslieferungsfahrer,2
Produktionsleiter,2
technische einkäufer,2
AI,2
pflegefachkraft,2
Zimmermädchen,2
lagerleiter,2
Duale Studium Wirtschaftsinformatik,2
Rossman,2
Vertrieb Innendienst,2
Heizung,2
Betriebstechniker/in,2
reiseverkehrskaufffrau,2
Produktionshelfer Schicht,2
fondsmanagement,2
back office,2
Fitness,2
Aushilfsjob,2
Konstruktionsingenieur/in,2
Werkzeugmacher,2
Physiotherapie,2
Call Agent / Sheduler,2
Pflegehilfskraft,2
arzt,2
Spedition,2
Landschaftsarchitekt/in,2
Taxifahrer,2
sales manager,2
bezirksleiter,2
Redaktion,2
Trainee Pharma,2
buchhaltung,2
hicad,2
maschine,2
Pdm,2
Plm,2
Servicetechniker im Kundendienst,2
People Operations Officer,2
Ferchau Teamassistenz,2
Versicherungsberater/in,2
Öffentlicher dienst,2
Gabelstabler,2
Video,2
Stabler,2
Auto,2
Gutachten,2
Minijob Remote,2
Lean,2
Manager/in,2
Osnabrück,2
Teamleiter/in Vertrieb,2
Niederländisch,2
claas,2
Familienberatung,2
Analytiker/in,2
IT-System-Kaufmann/-frau,2
innausbau,2
Group Accounting,2
Serviceassistenz,2
Verkäufer/in teilzeit,2
schneiderin,2
Bibliothekar,2
Volljurist/in,2
minderjährig ferienjob,2
office,2
Erzieherinnen,2
Lagerarbeiter,2
Katzensitter,2
Auftragsabwicklung,2
Lohnsachbearbeiter,2
Betriebselektroniker,2
Bürokraft Teilzeit,2
Markleiter,2
Accounting specialist,2
Elektrokonstrukteur,2
altenpflege,2
Qualitätskoordinator/in,2
8509,2
video,2
Pharmareferent/in,2
Agraringenieur/in,2
Werkstoffwissenschaftler/in,2
Abteilungsleiter/in Einkauf,2
kaufmännische/r angestellte/r,2
Exportmitarbeiter/in,2
Praxismanagerin,2
farm,2
Logopädin,2
ingenieur amt,2
Umweltschutztechniker,2
Kraftwerker,2
Kraftwerksmeister,2
Business intelligence,2
Zimmerer/in,2
hausverwaltung,2
IT-Kaufmann/-frau,2
Buero,2
Alunorf,2
Vertriebsassistenz,2
Vertriebsassistent,2
Inhouse Berater,2
Lehrer für Pfelgeberufe,2
Instandhaltungsplaner,2
ausbildung verkäufer,2
Industrieelektriker Betriebstechnik,2
Media-Spezialist/in,2
Restaurant,2
Ernährungsassistent/in,2
customer experience,2
Wirtschaftsingenieurwesen,2
villeroy und boch,2
Medizinische Fachangestellte,2
Biology,2
Trainee Beratung,2
ETL,2
bi,2
Dialyse,2
Inspektor,2
Kfz-Elektroniker/in,2
Lackierer,2
Techniker oder Meister Elektrotechnik,2
Sozialreferent/in,2
Kabelverlegemonteur,2
quereinsteiger IT,2
recepce hotel front manager,2
Teamleiter/Abteilung,2
Head of Marketing,2
Betreuung,2
Teamleiter/in Immobilien,2
Hausartzt,2
Werbetechniker/in,2
Werbegestalter/in,2
Saarbrücke,2
Strategisch,2
International,2
Leiter vertrieb,2
laser,2
gruppenleiter it,2
Dental,2
Pfördner,2
Biotechnologie,2
Orthopädieschuhmachermeister,2
Hallesche,2
Qualitätsfachmann,2
verkäufer,2
bürokaufmann,2
lanxess arena,2
frontend,2
Stammdaten,2
Head of,2
Bachelor of laws,2
UI UX Design,2
Ui Ux Design,2
Schadenssachbearbeiter/in,2
Wepa,2
CFO,2
Sozialpädagogische Assistent,2
Spielware,2
Mitarbeiter/in Tiefbau,2
sporttherapeut,2
Technische/r Sachbearbeiter/in,2
Immobilienkauffrau,2
servicetechniker,2
Disponent/in Produktion,2
Biotechnologe/-in,2
Haushaltshilfe,2
Accountant,2
"Facility Manager, Teamleitung (m/w/d)",2
Unweltingenieur,2
Planungsingenieur/in,2
Elektroindustrie,2
qualitätsmanagement,2
Datenverarbeitung,2
Moodedesein,2
kaufmann e-commerce,2
kosmetikerin,2
Zollmanager/in,2
Zollexperte/in,2
rechtspfleger,2
Gesundheitsförderung,2
tierheim,2
bürokauffrau,2
manager,2
physiotherapie,2
Head of Marketing / Leiter Marketing,2
Analyse,2
Personaldisponent/in,2
Glynt,2
Wirtschaftsfachwirt,2
vertriebsleiter,2
Web-Programmierer/in,2
Antriebstechnik,2
Industriekaufmann,2
PHP-Programmierer/in,2
89601,2
Putzkraft,2
Medizinprodukt,2
Product owner,2
Wundexpertin,2
kaufmännische/r mitarbeiter/in,2
Lohn- und Gehaltsabrechnung,2
Empfangskraft,2
Kfz-Schlosser/in,2
Chauffeur,2
project manager,2
Technical-Project-Manager/in,2
Projektleiter/in Service,2
Service,2
support,2
VP,2
pan dacom,2
fahrrad,2
vertriebsassistent,2
kaufmännische/r assistent/in,2
Bank,2
Leiter Finanzen,2
Regalgerräumer,2
Brandschutztechniker,2
chief Information security officer,2
auslieferung,2
produkionhelfen,2
auditor,2
Safety Manager,2
Funktionale Sicherheit,2
Supply chain,2
Schule,2
KI Sales,2
Support-Ingenieur/in,2
Leiter/in SAP,2
Mitarbeiterin Personal,2
betreuung,2
Berater logistik,2
Calibration laboratory,2
Kalibrasyon,2
Logisitk,2
Kaufmännische/r Trainee,2
Angestellter,2
Gärtner,2
Fremdsprachenassistent/in,2
3D druck,2
Handelsfachwirt/in,2
Lagarist,2
Empfangsmitarbeiter,2
Einkaufsmanager/in,2
Event,2
tierarzt,2
aushilfe,2
automotive,2
küchenchef,2
Area-Sales-Manager/in,2
Girsberger,2
Lieferfahrer,2
Verkaufassistent,2
bzg,2
Geringfügig,2
visual merchandiser,2
maschinenführer,2
datenverarbeitung,2
hausmeister,2
audit,2
Küche hilfe,2
bäckerei,2
bäcker,2
Bottrop,2
Veranstaltungsaasisstentin,2
Teamleiter Softwareentwicklung,2
Büromanagment,2
Bta,2
E commerce,2
hen,2
Buchhändler/in,2
Berufskraftfahrerfskraftfahrer,2
ulm,2
Autosattler,2
Kinderarzt,2
Kfz Serviceleiter,2
Sozialpädagogik,2
Junior Marketing,2
politikwissenschaft,2
prouduktionsleiter lebensmittel,2
durmin,2
tempoZeitarbeit,2
Pritzwalk,2
Gros und ausenhandel,2
Maurermeister,2
Bürojob,2
Fuehrungskraft,2
Maurer,2
Landschaft,2
operation,2
Pka,2
operations,2
Reinigungskraft für privat gesucht,2
Datentypist,2
Sportmanagement,2
berner,2
sustainability,2
Berufsausbilder,2
Maschinen und anlagenführer,2
Maschinen,2
Dekmalpfleger,2
fahrzeugreiniger,2
wiesag,2
Stuckateur,2
Changemanager,2
leiter einkauf,2
Verwaltungsangestellte,2
Tier,2
rosenberger,2
Notfallsanitäter,2
Praxisanleitung,2
Kauffrau für Grosshandel,2
Vertriebsnitarbeiter,2
Werkzeugmechaniker,2
Strategisches Management,2
Referent/in für Gebäudemanagement,2
Head of Sales,2
Änderungsschneiderei,2
bundeswehr,2
Sachbearbeiter/in Recht,2
Servicetechniker Jungheinrich,2
Kabel,2
helferin,2
Purchaising,2
Elektrohelfer,2
Mitarbeiter/in\xa0Montage,2
Schneider,2
küchenfachberater,2
müllwerk,2
gebäudeautomation,2
Schichtleiter/in Logistik,2
Apparatebau,2
photoshop,2
Stellvertretende stationsleitung,2
Sql,2
Energieversorgung,2
Vice president quali,2
Schülerhilfe,2
Tischlermeister/in,2
Personalmanagement,2
fachwirt im sozial und gesundheitswesen,2
Pflegefachwirt/in,2
Hygienekontrolleur,2
Giesserei,2
BMSR,2
Leitung sozial,2
pädagoge,2
sozialarbeiter,2
Außendienst labor,2
e commerce,2
Pädagogische/r Leiter/in,2
Leitung kita,2
Lieferantenwechsel,2
leiter after sales,2
Technische/r Mitarbeiter/in,2
Leiter/in\xa0Service,2
Physiker,2
Juniorcontroller,2
Köchin,2
Fachkraft Lagerlogistik poco,2
ai,2
cta,2
Diplom-Ingenieur/in,2
Frischspezialist,2
Versandmitarbeiter (m/w/d),2
Gebäudeautomation,2
Geo,2
GIS,2
Kodierfachkraft,2
fahrradbranche,2
Strategie,2
Elektromobilität,2
Hailo,2
moss,2
Pharmazeutisch-technische/r Assistent/in,2
Kolping akademie,2
Finance Controlling,2
bilanzbuchhalter,2
E-commerce,2
Reinigungskraft Minijob,2
Außendienstberater/in,2
innovation management,2
werkzeugmechaniker,2
sicherheit,2
Büroassistenz,2
optiker,2
freightbridge,2
Rechtspfleger,2
Autoteile,2
mergers Acquisition,2
Hoth Tiefbau Gmbh,2
power apps,2
Großhandel,2
didaktik,2
schule,2
Junior Projektmanagement,2
Ux,2
Betreung,2
Mitarbeiter/in Projekt,2
Feinwerkmechaniker meister,2
support IT,2
geschäftsführung,2
das Geschirr spülen,2
Kunststofftechniker,2
Werkstudent Projekt-Manager/in,2
Kind,2
Content Creator,2
software tester,2
Produktionshelferin,2
Bestellung,2
gui,2
Altagshelfer,2
baustoffhandel,2
bauking,2
anwendugsentwickler,2
Kaufmann für Spedition,2
holz,2
Baumaschinenführer/in,2
Netto,2
Rechtswissenschaft,2
italienisch,2
Strahlenschutz,2
personalleitung,2
wurm,2
embedded,2
"Biologie, Naturwissenschaft",2
erp consutant,2
Vertriebscontroller/in,2
projektkoordinator,2
Umweltchemiker/in,2
Büro Teilzeit,2
SCHWÄLBCHEN Frischdienst GmbH,2
Store Manager,2
PR-Redakteur/in,2
fuhrpark,2
expert,2
Beratung,2
Beratung Fachkräfteeinwanderung,2
Sicherheitsmanagment,2
Medienpädagoge,2
4915732760904,2
Sacharbeiterin,2
chat,2
Berufsförderung,2
Forschung,2
projektleiter,2
Metalfacharbeiter,2
Prüftechniker/in,2
Technischer Systemplaner,2
schreibkraft,2
MÜNCHENER VEREIN,2
Groß- und Außenhandel,2
Vertriebsausendienst,2
Telekommunikationsingenieur,2
Firma Bosch,2
soziologer,2
etl,2
Einkauf Bau,2
socila media,2
cost engineering,2
Data science,2
regional,2
Eishockey,1
Vorwerk,1
beamtenanwärter,1
Querweinsteiger,1
Verläufer,1
Stadt nideggen,1
Fachassistent,1
sprache,1
sprachwissenschaft,1
Lebensmittelkontrolleur,1
Projektassistent friedensforschung,1
Chemietechniker,1
TUM,1
Studentische Aushilfe,1
SAP Consultant (m/f/d),1
Information Security Manager / Managerin (m/w/d) – IT Governance,1
"Referenten (m/w/d) Geschäftsbereich Verbundprojekte, Consulting",1
Kfz-meister,1
visagist,1
Personl,1
nutrition,1
Kinderschutz,1
Vertrieb aussendienst,1
maschinenbau techniker,1
techniker maschinenbau,1
Konstruktionsdesigner/in,1
Feinoptiker/in,1
Einsteller,1
MaschinenEinsteller,1
Mitarbeiter,1
60388,1
Hanau,1
Bad Vilbel,1
Homeoffoice,1
Verkäufshilfe,1
Assistenz geschäfsführung,1
Schubert,1
Syntegon,1
Optima,1
rechtsanwalt anwältin,1
Arbeitskraft,1
Spielhallenaufsicht,1
Medien und kommunikations,1
Schaffeld,1
IT support,1
Ifrs,1
Accounting,1
Python,1
Maintenance,1
instandhtung,1
Teamleitung,1
fertgung,1
fertigung,1
Montage,1
Wissenschaftliche/r Referent/in,1
Lead equipment engineer,1
Qualitätsassistent,1
Stapler fahrer monchengladbach,1
Betreuungsassistenz,1
produktionsmitarbeiterin,1
Dm,1
72289,1
Cölpin,1
Scikit Learn,1
Datenanalyse,1
Volljurist Arbeitsrecht,1
Kaufmännisch,1
Head Hunter,1
Abrechnungs und Praxismanagerin,1
Kauffrau Führung,1
Kauffrau management,1
schülerjob,1
Meiter,1
Gebietsleiter,1
quality engineer,1
wirtschaftsingenieur,1
Justizvollzugsbeamter,1
wasserwerke,1
thesis,1
Ingenieur Bau,1
Tragwerksplaner,1
Guggenbichler,1
Bueromanagement,1
immobilienkaufmann,1
NGO,1
Platzwart,1
Application- und Infrastructure-Manager*in,1
Support und Problem Manager*in - IT-Service-Management,1
Product Owner*in Schwerpunkt Dokumentenmanagementsystem,1
"Sachbearbeiter (w/m/d) in der Vergabestelle im Arbeitsbereich Recht, Datenschutz und Vergabestelle",1
prozessoptimierer,1
restaurant,1
gastro,1
leiter steuerungstechnik,1
Leiter/in,1
Fahrschule,1
marcopol,1
marcopolo,1
Thyssen krupp,1
Sozialberater/in,1
Familienpflegerin,1
Rechtsfachwirt,1
Heilerziehungpfleger,1
42655,1
Barkepeer,1
minijon,1
refa-techniker,1
ecm,1
Cybersecurity,1
SharePoint,1
Auditor/in,1
FBürokauffrauachinformatiker,1
Hotel,1
elektroniker/in für betriebstechnik,1
Leiter hr,1
qualiätsprüfer,1
prüfer,1
Ergotherapeutin,1
Kassierer/in,1
44628,1
Eis,1
pförtner,1
security,1
cnc fräsen,1
CNC Fräsen,1
Solid Edge,1
begleiterin,1
Meister maschinenbau,1
Betreuungsfachkraft,1
lerntherapeut,1
Baggerfahrer,1
Mechanikermeister/in,1
٥٦ثلمثلثتثززث,1
Informationselektroniker,1
Stanz und umformmechaniker,1
design,1
Junior ui/ux design,1
Bauhof,1
Gemeinde,1
Junior UX/UX design,1
Bredelar,1
lidar fahrer,1
berater,1
externer trainer,1
صور قديمة تم حزفها بالغلط من التلفون,1
Vestenbergsgreuth,1
monster,1
Eventmanagement,1
Einkauf remote,1
hausputzen,1
horvath,1
mallorca,1
family office,1
real estate,1
cws,1
dfl,1
Portugiesisch,1
deutsche fußball liga,1
Portu,1
eintracht frankfurt,1
head of controlling,1
Brasil,1
entgeld,1
endgeld,1
Vorstand Soziales,1
Abteilungsleitung,1
Regionalmanager/in,1
Pädagogische Leitung,1
Vertriebsagent/in,1
Referent/in für Kommunikation,1
Regulatory affairs manager,1
VERKAUF,1
Lebensmittelrecht,1
Leiter/in it operations,1
Leiter/in it,1
Industiekaufmann,1
Ordnungsamt,1
kommunaler,1
34a,1
sachkunde,1
Junior ai Ingenieur,1
Informatiker Bachelor,1
sales controller,1
phyton controller,1
phyton,1
Kerntechnik,1
Redaktuer,1
"motorrad, motorsport",1
motorrad,1
motorsport,1
Projekt-Marketing-Manager/in,1
Abrissfirma,1
Testingenieur/in software,1
Rehau,1
energiewirtschaft,1
netzwirtschaft,1
Job für Ausländer,1
Alten und Pflegenhein Marienhaus,1
assistent,1
Soziale jobs,1
Standortleiter,1
Ingenieur elektrotechnik,1
Leiter Technik,1
Verdichterstation,1
Telefonistin,1
helpdesk,1
Geprüfte  Schutz und Sicherheits Fachkraft,1
Tierheim,1
Verkauf personal,1
Vertrieb dach,1
Rubetrans,1
Driver,1
Fahrer CE,1
teilzeitjob,1
english jobs part time,1
English jobs,1
Berufkraftfahrer,1
Hebezeuge,1
Schutz und sicherheit,1
verwaltungswirt,1
Verwaltungswirt,1
Fpga,1
No skill,1
Barrierefrei,1
Lokalisierung,1
LKW-FAHRER,1
Fremdsprachenkorrespondentin,1
Serviceleiter Automobil,1
Produktionstechniker/in,1
Kauffrau für Büromanagemnt,1
polnisch,1
Kindergartenleitung,1
Production helfer,1
75196,1
Digital,1
digital,1
Facility,1
leitung Facility,1
KFZ Meister,1
KFZ Serviceleiter,1
Werkstatt-Manager/in,1
Werkstattleiter/in,1
Altenpflege,1
Shk,1
Ergotherpeut,1
76437,1
Gastropraxis,1
leiter-rechnungswesen,1
PVS Bw,1
Teamleiter/in Business Development,1
forschung und entwicklung,1
Payrol,1
Installateur,1
HAUSWIRTSCHAFTSLEÍTUNG GEBÄUDEREINIGUNG,1
Verkehrs- und Tarifverbund Stuttgart,1
OBJEKTLEITUNG GEBÄUDEREINIGUNG,1
Pflegefachmann,1
wasserstoff,1
Diätkoch,1
Motorradverkäufer,1
Motorrad,1
ökotrophologie,1
Ernährungsberater/in,1
Dhl fahrer,1
ausbilder,1
berufspädagoge,1
Heilerziehungspflegerin,1
linux,1
administrator,1
Bereichsleiter Firmenkunden,1
Leitstelle,1
Einsatzzentrale,1
kontrolle,1
Betriebsleiter,1
leiter instanthaltung,1
leiterInstandhaltung,1
Leiter/in Maschinenbau,1
schwer maschinen,1
schwer maschinenbau,1
minijobb,1
Feinmechanik,1
Hauswirtschaftliche hilfe,1
Service hilfe,1
Arbeiter,1
Bu Leistungsprüfer,1
Geldwäschebeauftragte,1
Energie,1
Umwelttechniker/in,1
Zweirad,1
Landschaftsplaner,1
heilpädagogik,1
Dienstleistung,1
Gesundheitwesen,1
Daedalus,1
Dedalus,1
Abteilungsleiter/in Bauwesen,1
Geschäftsführer/in und Maschinenbau,1
Architekt/in bauwesen,1
DaF,1
Braunschweig,1
Produktion mitarbeiter,1
Büroarbeiten,1
Serviceleiter Autohaus,1
Fahrer Personenbeförderung,1
IT Quereinsteiger,1
Sigeko,1
kauffmänische,1
Lebensmittel,1
blb nrw,1
Bundesamt für Auswärtige Angelegenheiten,1
fließgewässer,1
wasser,1
quereinstieger,1
Pockau,1
Elektromechaniker/in,1
Teamleiter Produktion,1
Operational Excellence,1
Remote berlin,1
Kindern helfen Organisation,1
Mitarbeiter/in Architektur,1
Einrichtungsberater/in,1
Produzent,1
Verkaufsmanager/in,1
Wedding planer,1
educação,1
buchhalter,1
Unternehmensberater/in,1
butzbach,1
Reederei,1
sles Manager,1
sales Manager,1
Schneiderin,1
Englisch,1
Digitalisierungsmanager,1
Prohektleiter,1
Augenoptik,1
ler,1
kind,1
IT Vertrieb,1
mediendesign 3d,1
3d,1
3d visual effect,1
mediendesign,1
Referatsleiter,1
Möbel und Küchenplanung,1
"Allround Technik, Möbel",1
"Allrounder Technik, Möbel",1
IT-Elektroniker/in,1
Allrounder,1
Teamleiter/in Software,1
Zahnmedizinische  fachangestellte,1
CAD,1
Webentwicklung,1
zahnmedizinische,1
Immobilienverkäufer/in,1
entwicklungsingenieur,1
Restaurator kunst,1
konservator,1
Node JS,1
Typescript,1
forschung,1
tischler,1
Auto aufbereiter,1
IT Security stuttgart,1
HSV,1
Logistikberater/in,1
Übersetzerin,1
Arborist arboristik,1
Restaurantlöe,1
Restaurantleitung,1
Serviceleitung,1
Serviceleitung Gastronomie,1
Kellnern,1
Essenausgabe,1
Leiterplattenentwickler,1
PCB,1
PCB Layout,1
Vertrieb Frankfurt,1
bote,1
danone,1
develey,1
man,1
hotel,1
Osteuropa,1
Industrie Elektriker,1
Elektromonteur/in,1
trainee Hotelmanagement,1
trainee Hotel,1
trainee Management,1
Inter,1
Bartender,1
Fachkraft,1
Salesforce,1
Senior UX - Designer,1
UX - Designer,1
Designer,1
EDV-Sachbearbeiter/in,1
immunotherapie,1
Assistant Manager,1
Fitnesskaufmann,1
Projektleiter/in Hardware,1
Mtla,1
Laboranalytik,1
vohwinkel,1
editor food,1
Werkleiter,1
Industrial Engineering,1
Konstruktion,1
Politikwissenschaft,1
Italienisch,1
malerhelfer,1
new yorker,1
Menü Fahrer,1
Gesundheits und Krankenpflegerin,1
mimijob,1
justizfachangstellte,1
molkereimeister,1
Technischer produktdesigner,1
rotes kreuz,1
Teamleiter/in Buchhaltung,1
Veranstaltung,1
Personal sachbearbeiter,1
HR Verträge,1
Tankeart,1
Mrs,1
Reglungstechniker,1
Finanz- und Rechnungswesen-Experte (m/w/d),1
WBV Westdeutscher Bindegarn-Vertrieb   Eselgrimm GmbH,1
Augenoptikermeister,1
Werksleiter/in,1
COO,1
Mechatronik,1
Abteilungsleiter Technik,1
ews,1
Stadtwerke Meiningen GmbH,1
الرقيه الشرعيه الشاميله من القران,1
Industriemeister Kunststoff,1
Social-Media,1
Nachhaltigkeitsberichterstattung,1
Pvd,1
skm,1
Baustelle,1
Compliance,1
tech,1
instandhaltung,1
glaston,1
Sales Manager,1
assistentin,1
putzen,1
Verwaltungsfachangestellte,1
konstruktion,1
Projekt-Manager/in pharma,1
tiefbau,1
Assistenz der geschäftsführung,1
metro,1
Päd hilfskraft,1
Personalreferent,1
Genossenschaftsverband,1
Ingénieur en mines,1
Bergbauingenieur/in,1
einrichter,1
Fahrer b,1
Hardware-Tester/in,1
Produkttester,1
Reinigungkraft,1
china,1
mba,1
physio,1
Produktionsplanung,1
Mitarbeiter Produktionsplanung,1
Büro aushilfe,1
mitarbeiterin empfang,1
Karosseriebauer/in,1
Cta bta,1
Bild-Ing,1
Bildtechnik,1
Videotechnik,1
Polsterer,1
Musik,1
Kunst,1
tiere,1
Projektmanager Bau,1
kesselwärter,1
Systembeauftragte,1
Specialist product,1
personalmarketing,1
recruiting,1
Nanny,1
verpacker,1
Bindeswehr,1
Bankkufmann,1
Mecatronik Bachelor,1
Verkehrsleiter,1
Merchandising,1
Ingenieur/in Lüftungstechnik,1
Java EE,1
logistik manager,1
abteilungsleiter/in logistik,1
Home Care,1
Hilfskoch,1
Wellness Massage  therapeut,1
Bad Säckingen,1
"Onkologie, Forschung und Entwicklung, Gruppenleiter",1
kundenservice,1
Planet,1
Planer,1
soziale arbeit,1
Leitung Finanzen (m/w/d),1
Modemanagement,1
Mitarbeiter/in Technischer Service,1
ausbilung Industriekauffrau,1
Vollzeit Büro,1
lüftung,1
Anlagenmechaniker/in Meister,1
opex,1
excellence,1
clarios,1
Sozialwissenschaften,1
Marktforschung,1
Versandt,1
Verfahrensingenieur/in,1
Prozessingenieur/in,1
Materialwissenschaftler/in,1
prozessoptimierung,1
prozessanalyse,1
Verköuferin im lebensmittelhandel,1
prozessentwicklung,1
arbeitsvorbereitung,1
Kolumbien,1
Kochen,1
Fuhrparkleiter,1
Groß-undAussenhandelskauffrau,1
student,1
interroll,1
Schlossermeister/in,1
taem,1
immobilienkaufmann--frau,1
Makler/in,1
recht,1
general counsel,1
SAP-Administrator/in,1
SAP-Entwickler/in,1
SAP-Experte/in,1
Merseburg,1
Kochhilfe,1
Dortmund,1
Biochemiker/in,1
Sofer Amazon,1
Sofer,1
GPA,1
Kfz meister,1
ifp,1
Dwdm,1
bauingeneur,1
Projektcontroller,1
Fördertechnik,1
PR-Manager/in,1
controlling,1
Operation Manager (m/w/d) InsurTech,1
Ghffhfthh,1
Junior,1
PKW Fahrer Rentner,1
Holzmechaniker/in,1
Vertrieb International bau,1
International bau,1
Leittechnik,1
einzelhandel außendienst,1
Wareneingangsprüfer/in,1
Wareneingangs,1
Krankenkasse AOK,1
Büromanagement,1
Lünen,1
öffentlichkeitsarbeit,1
coffee,1
Travel,1
scalable,1
börse,1
94256,1
25899,1
Testingenieur,1
Mitarbeiter/in Revision,1
Kauffrau im einzelhandel,1
Koordinator/in Supply Chain,1
leiter finanzen,1
kaufmännischer leiter,1
Ohne ausbildung,1
Bawaco,1
Geschäftsführer edelstahl,1
matlab,1
Physio,1
Pr,1
Leitung IT,1
Protocast,1
Assistent Geschäftsführung,1
Key Account Manager,1
Thiemt,1
Küchen Hilfe,1
Geschäftsbereichsleiter/in,1
brennstoffzelle,1
Hammer heimtex,1
Teilteit,1
Pharmacueticals,1
Pflegeassistent,1
Dauernachtwache,1
محمد خلف,1
Kubernetes,1
Petfood Produktentwicklung,1
refa techniker,1
staplerfahrer,1
Job,1
logisttik,1
mediengestalter bild und ton,1
RAMPF,1
empfangsdame,1
Dental CAD designer,1
Dental designer,1
59755,1
Pferdewirt,1
Pferdepfleger,1
Pflegeberaterin,1
temleiter remote,1
teamleiter remote,1
Teamleiter/in Controlling,1
Teamleiter/in Controlling Remot,1
Schofffahrt,1
Controlling Remote,1
Intensivpflege,1
Calllcenter Remote,1
Perde,1
Operational security manager,1
Security manager,1
Immobiliengutachter/in,1
ki,1
salees,1
AI Engineer,1
sozialpädagogin,1
warehouse manager,1
warehouse,1
Einkäufer/in\xa0Material,1
21.000€,1
Area Sales Manager,1
Duales Studium Medizintechnik,1
Verkäufer in wuppertal,1
Engineering-Manager/in,1
80.000,1
Fließband,1
Portfoliomanager/in,1
Roboter/schweissen,1
Disposition,1
Stoma pfleger,1
kosmetik,1
beauty,1
nestle,1
ferrero,1
auftragsabwicklung,1
immobielien,1
territory manager,1
Nachhilfelehrer,1
Entwicklungskonstrukteur/in,1
Gemeindearbeitrt,1
Objektleiterin Gebäudereinigung,1
Objektleiterin,1
"Remote, buchhaltung",1
Stahlbeton,1
Business Controller Sales (m/w/d),1
"Controller (m/w/d) Bereich inländische Beteiligungen, Zeitschriften, Controlling und Sonderprojekte",1
Call Agent,1
Sheduler,1
Terminierer,1
Psycholge,1
Ludwigsburg,1
Marketing Senior,1
IT Berater netzwerk,1
Uniklinik Düsseldorf,1
UiPath,1
Servicetechniker/in Elektrotechnik,1
Digital content creator,1
China,1
Furparkmanagwr,1
Furparkmanager,1
Furparkleiter,1
Umweltplaner,1
gebietsverkaufsleiter,1
verkaufsleiter,1
combera,1
fachberater,1
berentzen,1
Kundenberater,1
Pharmakant/in,1
Teamleiter ingenieur,1
Servicetechniker Aussendienst,1
Enbw,1
Duales studium,1
Trainee Science,1
Master Chemie,1
Softwareentwickler C,1
Kosmetik mobile,1
Busfahrer Regensburg,1
Datenmanager/in,1
Fräser,1
Waren verener,1
minijob büro,1
minijob steuern,1
minijob buchhaltung,1
Baugeräteführer,1
Mercedes,1
Data scientist,1
Wasser un4ee,1
Franchise,1
Gaz und wasser,1
ZüblinGas- und Wasserinstallateur/in,1
warenverräumen,1
Wasserbauingenieur/in,1
HiCad,1
Film Archive,1
Archive,1
Archive film,1
Bauinstallation,1
bundesArchive,1
film Heritage,1
Filmarchiv,1
Umweltnaturwissenschaft,1
Umweltnatur,1
Klima,1
Klimaschutz,1
Bausanitär,1
Umwltschutz,1
Gewässerschutz,1
sanitärhaus,1
WasserhAus,1
Robert,1
Strabag,1
Sanitärunternehmer,1
Implementierung von Einrichtungen,1
Wartung,1
Rohrwartung,1
großhandel,1
wartung,1
Wasser und Gas,1
Fahrer BU,1
strabag hausmeister,1
Projektleiter/in Bauwesen,1
Servicetechniker im Außendienst,1
Arbeitsamt,1
management,1
Schreinerei hummel eningen,1
Handwerker,1
Ferchau,1
Sozialpädagogische Assistentin,1
Consultant pwc,1
Consultant Deloitte,1
Büroangestellre,1
"SAP Basis-Beraterin, -Administratorin, -Betreuerin (m/w/d)",1
Hauptstr.46,1
3d Artist,1
Küchenbranche,1
Meister/in Nachrichtentechnik,1
Batterierntwickler,1
müller holding,1
Transportlogistiker/in,1
Dekra,1
Schaden,1
Kaffee,1
tenowo,1
Pflegeüberleitung,1
Sozialdienst,1
Prozess Manager,1
KVP,1
Kläranlage,1
Papier,1
Mauer,1
Zednik,1
datenschutz,1
verlag,1
Reputation,1
ERP-Systembetreuer/in,1
Vertriebsbeauftragte/r,1
Landratsamt Tübingen,1
Commercial-Controller/in,1
Biomedizinische analytikerin,1
Projektmitarbeiter/in,1
Vollzeit firma,1
Fremdsprachenkorres,1
Justiziar/in,1
Pim,1
aok Quereinsteiger Dresden,1
99974,1
Terra Canis,1
Produtions mitarbeite,1
Modellbauer/in,1
Technischer Vertrieb (m/w/d),1
Handel,1
OPTIMAL SYSTEMS Vertriebsgesellschaft Dortmund mbH,1
RPA,1
Medizinische fachabgestellte,1
Medizinisch-technische/r Radiologieassistent/in,1
flexo,1
Personalscutz,1
Verfahrensmechaniker/in Beschichtung,1
Kulturmanager,1
e-Learning,1
Kita,1
Food,1
minijobs,1
quartiersenwicklung,1
Bedienun,1
Schulassistentin,1
Radlader,1
textil,1
eventmanager,1
Lager 72810,1
Logistikingenieur/in,1
Sanitäter großhandel,1
Steuerfachangestellter,1
wankendorfer,1
Duales Studium,1
vwl,1
volkswirtschaftslehre,1
Oquereinsteiger,1
jungbauleiter,1
bauleiter,1
Augenarzt,1
Business Consultant,1
Sachbearbeiter/in Verkauf,1
Schule reinugungskraft,1
lehrerin,1
Goldschmied,1
Specialist accounting,1
Eplan,1
schulbegleitung,1
private pflegekraft,1
montagehelfer,1
"strategie, defence, verteidiguns",1
"strategie, defence, verteidigung",1
strategie,1
Strategiemanager/in,1
Power bi,1
registratur,1
Kultur,1
Interkulturelle,1
Griesemann Gruppe,1
pütz lehr heizung sanitär,1
E learning,1
Gesundheitsfachwirt,1
fertigungsplaner,1
saldatore,1
werbetechnik,1
schilder- und lichtreklamehersteller,1
Assistenz recruiter sales quereinstieg master hamburg,1
landwirtschaft,1
Weinbautechniker,1
Materialingenieur/in,1
Dualer Master BWL,1
finance manager,1
Hsm,1
leiter controlling,1
Landwirtschaft,1
interamt sachsen ingenieur,1
ingenieur konformitätsprüfung,1
calypso,1
sachbearbeiter/in,1
Umweltschutz,1
kfm. angestellte,1
Data engineer,1
Heimarbeit,1
ales and marketing,1
Sales and marketing,1
zimmerer,1
Zimmermann,1
Holzbau,1
ausendienst,1
König,1
Lackingenieur/in,1
Chemieingenieur/in,1
Teilzeit/Quereinsteiger,1
Liveeye,1
Ambulante pflege,1
TIschler,1
Ambulante Pflege,1
sport und fitnesskaufmann,1
Diaverum,1
Leiter/in Administration,1
gebäudemanagement,1
Anästhesie Technische Assistentin,1
Cafeleitung,1
Allround Monteur (m/w/d) Montageteam,1
Allround Monteur (m/w/d),1
wagner deutschland gmbh,1
Reinigungskraft in Grünberg,1
Investment-Analytiker/in,1
Inhouse Berater crm,1
caritas,1
HR international,1
Industrie,1
Kälte,1
"Krankenpflege, Bürohilfe, Sozialarbeit",1
Veranstaltungsmanager,1
assistenz referent,1
referent,1
49696 molbergen,1
Kommossonier,1
fluggerätemechaniker,1
lagerlogistik,1
Jugenamt,1
Erziehung,1
duales studium bwl,1
sitzende tätigkeit,1
kleinteil montage,1
Ungelernt,1
IT-Entwickler/in,1
IT-Kundenbetreuer/in,1
Produktionscontroller/in,1
Technischer Planer,1
Medizinische fachangestellte,1
automobil,1
Industrieelektriker,1
cam programmierer,1
(CNC-Fräser/in) OR (Cnc Fräsen),1
CNC-Fräser/in oder Cnc Fräsen,1
Heimleiter,1
Japan,1
autoverkäifer,1
Einkäufer/in Media,1
Media-Planer/in,1
Finanzbuchhalter,1
Konstruktionsleiter,1
Verkaufer,1
user experience,1
user experience research,1
customer journey experience,1
Badleiter,1
customer journey,1
Prokurist,1
Aquana,1
customer success,1
Subdirektor,1
Organisationsdirektor,1
Gebietsdirektor,1
betriebsingeneur,1
Werkzeug-Konstrukteur/in CATIA,1
Konstrukteur/in CATIA,1
HRS,1
Sachbearbeiter/in Wertpapiere,1
Schongau,1
Peiting,1
Pressesprecher,1
Spezialist Energieabrechnung,1
Expert in Energieabrechnung,1
Energieabrechnung,1
Kaufmann im Einzelhandel,1
coach berater,1
Buchhalterin,1
Rettung,1
Head of procurement,1
Head of Purchasing,1
Schokoladenverpacker,1
Housekeeping,1
Heilberufe,1
Berater bank,1
Talent Acquisition Manager,1
QA Inspektor,1
QS Inspektor,1
Inspektion,1
rohrleitungsbau,1
befähigte Person,1
Leiter Organisation,1
Gastgewerbe Servicekraft,1
PR-Mitarbeiter/in,1
Qualitätssicherung vechta,1
Biofabrication,1
Bioprinting,1
Rangierbegleiter,1
Projektleiter/in Energietechnik,1
kontrukteur,1
Purchaser mens wear,1
Haka,1
Mens wear,1
Biologie-Ingenieur/in,1
daf lehrer,1
Grossküche,1
daf,1
lehrer,1
Warenräumer,1
Wareneinräumer,1
Einbläser,1
sps,1
Glasfaserausbau,1
Tiermedizinische Fachangestellte,1
Löten,1
Rituals,1
Sozialversichrungsgehilfin,1
Schadstoffe,1
Schadstoffgutachter,1
technische/r produktdesigner,1
Hauswirtschaftskraft,1
werbeagentur,1
Produkt-Marketing-Manager/in,1
personalsachbearbeiter,1
Anlagen und maschineführer,1
Maschinen und Anlagenführer,1
Ingenieur Fahrzeugtechnik,1
Fahrzeugtechniker/in,1
Betriebliche altersversorgung,1
Versicherungen,1
Saarbrücken,1
Schleiferei,1
Servicetechniker/in shk,1
Servicetechniker/in heizung,1
shk,1
pflegefachkraf,1
bwl,1
Tierarzt,1
Küchenmonteur,1
Erziherin dual,1
Erziherin,1
Zerspanungsfachkraft,1
M,1
merger,1
KFZ,1
Gärtner/in,1
Rheinmetall,1
Dokumentationsmanager,1
energie,1
klima,1
Projektassistenz,1
Öpnv,1
Empfang eltville am rhein,1
anlagenmechaniker/in shk,1
Direktor,1
ALH Gruppe,1
Fachplaner Medizintechnik,1
Studentenjobs,1
einzel,1
Maschineneinrichter,1
ge vernova,1
Künstler,1
abfall,1
deponie,1
Recyling,1
Leiter Elektrotechnik,1
Ausfahrer,1
Zahnarztpraxis,1
Biologin,1
Tierpflege,1
Tierpension,1
Biologielehrerin,1
GEfahrgut,1
Gefahrgut,1
Meister mechatronik,1
Meister kfz,1
Meister jobs,1
Sales and Retention Specialist (m/w/d),1
QEST,1
Motor,1
allgaier,1
nidec,1
Baumanager,1
Objektüberwacher,1
assistent/in,1
تدريب مهندس الكترون,1
Homeoffice Reisebüro,1
Anmeldekraft,1
Marketing Bamberg,1
Thor GmbH,1
baresel,1
leiter logistik,1
Dispo,1
warenveräumung,1
Kassiererin,1
Teamleiter/in Betriebstechnik,1
Messe,1
Text,1
Medientechniker,1
Lager und Versand,1
Versand und verpackung,1
"handel,verkauf,vertrieb,administration,kaufmännische mitarbeit",1
baubieter,1
bieter,1
atbieter,1
arbieter,1
Konstrukteuer,1
Head of Finance,1
Shopware,1
interkulturelle kommunikation,1
Gibser,1
Gibser Verputzer,1
Verputzer bau,1
Ausländische Jurist,1
Quereinsteiger E-Commerce,1
E-Commerce,1
Notarfachangestellte,1
Dhl,1
Bürokaufmann/-frau dresden,1
Betreuungskraft 43b,1
Kasse,1
Extrusion,1
Afghanistan baghlan,1
Yachthafenresidenz,1
Post,1
Abteilungsleiter/in Elektronik,1
Marktzulassung,1
Referent/in Recht,1
Luftfahrt,1
Lkw-Fahrer,1
Produktionsmhelher,1
spechtenhauser pumpen,1
landmaschienenmechaniker,1
Jugendzentrum,1
Techbischer Betriebswirt,1
eMPFANG,1
Buchbinder/in,1
bauüberwacher,1
immobilienbuchhalterin,1
buchhalterin,1
Strategisches Marketing,1
Contabilista junior,1
Account,1
Instandhalter / Instandhaltungstechniker (m/w/d) für Fertigungsmaschinen,1
Umweltingenieur,1
rampf,1
internationale beziehungen,1
Sps,1
messtechnik,1
Fachkraft Qualitätswesen,1
Laborassistent/in,1
Head of sustainability,1
pflegehilfskraft,1
Tragen,1
Охранник,1
gruppenleiter,1
react,1
stadtbild,1
stadtreinigung,1
stützpunktleiter,1
industrieservice,1
facility management,1
Kurs,1
Planung,1
Bankkaufmann,1
Barkeeper,1
Junior Bauingenieur/in,1
Bauzeichner tiefbau,1
Bielefeld,1
Englischlehrer,1
Zischler,1
medizinisch-technische/r radiologieassistent/in,1
Immobilienkaufmann,1
Cad,1
AutoCAD,1
ayurveda,1
yoga Lehrerin,1
Projekmanager,1
Bibliothekar/in,1
personal*,1
Junior Projektmanager,1
Pflegedienstleitung,1
sozialpädagoge/in,1
Seniorenbetreuung,1
haustechnick,1
Dr. Michael Siegfried,1
Bosch,1
Magazynier,1
Kaufmamm,1
Versandmitarbeiter,1
SAP Trainer,1
piano,1
Dokumentationsassistent/in,1
ZFA,1
Tierpflegerin,1
Busfahrerin,1
schichtführer,1
Kundendienst techniker heizung,1
Entsorgung,1
KFZ-Mechaniker,1
fachkraft für arbeitssicherheit,1
Export-Sales-Manager/in,1
questeinstieg,1
Projektmanager/in Marketing,1
Pharmazeut,1
Leasing,1
Kredit,1
elekt,1
Kundendienstleiter/in,1
Servicetechniker shk,1
Health,1
Bibliothek,1
statistik,1
Lehrerin für Prävention und Gesundheitsförderung,1
medizinprodukte,1
Geld,1
Sekretärin steuerberater,1
phy,1
Retourenbearbeitung,1
Rezeptionistin,1
mitarbeiter/in produktion,1
cutter,1
videoeditor,1
lead,1
dienstwagen,1
firmenwag,1
firmenwagen,1
Arztpraxis,1
Praxis,1
Frühstückskoch,1
Mechanik-Ingenieur/in,1
dezernt,1
SAVENCIA,1
Erkelenz,1
Teamleiter Engineering*,1
Analyse Ingenieur,1
Ingenieur automobil,1
gesundheitsföderung,1
Gesundheitspolitik,1
Robert Aigner,1
Bne,1
Umweltpädagoge,1
Pädagoge,1
BNE,1
Politikwissenschaften,1
kranfahrer,1
IT-Operator/in,1
Pflegekraft,1
Anlagenmechaniker,1
Projektmanagement IT,1
Maschinenbauer/in,1
Sicherheitsgewerbe,1
Trolli,1
Menrad,1
WOM,1
Hotelmanager/in,1
Wurm,1
Direktionassiaten hotel,1
Referent/-in Betrieb (m/w/d),1
Max-Planck-Institut für Kolloid- und Grenzflächenforschung,1
Pädagogische Fachkraft,1
KZVN,1
kommission,1
wareneingang,1
Softwaretester,1
branding,1
rundfunkkommunikationen,1
Leiter Kunden*,1
Leiter customer*,1
autista autobus,1
trainer,1
Kfz mechatroniker,1
Konditorei,1
EHealth,1
Digital health,1
KIS,1
Klinisches information system,1
gastronomie,1
aramark,1
Soziale,1
kaufmännische/r sachbearbeiter/in,1
dvv jobs,1
Landschaftspflege,1
Konsumgüter,1
selbststandig,1
Ikea,1
Koordinator/in ogs,1
Uelzen,1
Coo,1
Director,1
Konstanz,1
Kaufmännische ausbildung,1
Support Ingenieur,1
Leiterplattendesigner,1
Leiterplattenlayouter,1
Schweißaufsicht,1
airport,1
flight operation,1
Optoelektronik,1
Technical-Product-Manager/in,1
Übersetzungsarbeiten,1
Product-Development-Manager/in,1
organisation,1
Tierpfleger,1
dgnb,1
breem,1
nachhaltig,1
Technical-Project-Manager,1
product engineer,1
Ingenieur/in Forschung,1
Technik,1
Projektleiter/in\xa0Medientechnik,1
landwirt,1
samd,1
software as a medical device,1
design control manager,1
Hotelbranche,1
design assurance,1
Marketing PR,1
qa/ra,1
qa ra,1
qara,1
Mitarbeiter bei tiktok,1
ra qa,1
Amazone helfer,1
raqa,1
medtech,1
MT-r,1
Bachelor of Applied Life Sciences,1
English,1
Beauty,1
polizei,1
pbüro,1
Parfümerie,1
Krankenversicherungsbetreuer/in,1
Ingenieure,1
"Nautik, Kapitän",1
Nautik,1
Kapitän,1
Landratsamt vaihingen,1
fotograph,1
Fertigungstechniker/in,1
Fertigungstechnologe/-in,1
Ciso,1
artz,1
Agrar,1
finanz informatik,1
cnc operator,1
Kaufmännischer mitarbeiter,1
Deutsche Sporthochschule Köln,1
63867,1
Projektleiter/in Produktion,1
Fertigungsingenieur/in,1
Teamleiter/in Projekte,1
quereinster,1
Systemprogrammierer/in,1
Technischer Produktdesigner,1
42799,1
import,1
Fahrer für krankentransport,1
79669,1
praktikum Logistik,1
Jugendamt,1
Sacherbearbe,1
Ökonom,1
Pan Dacom,1
hilfsarbeiter,1
Reinigungsä,1
Mercedes benz,1
Küchenassistent,1
IT Support,1
Journalist,1
Clinical data manager,1
Clinical data analyst,1
pfeuffer,1
bauer,1
Controlli,1
Functional Safety,1
Elektroniker Betriebstechniker,1
Elektroniker Meister,1
Inklusion,1
Ausbilder kaufmännisch,1
Bağçılıq,1
kindergarten,1
kindergärtnerin,1
mensa,1
cafeteria,1
küche,1
Social Media Analyst,1
Reifenmontour,1
Hummel AG,1
Werkzeugvoreinsteller,1
38 stunden,1
Neuseeland,1
90451,1
Office Management,1
Betriebswirtschaft,1
OGS,1
Integrationshelfer,1
Gesundheitswissenschaftler,1
Versicherungskauffrau,1
Hardware-software,1
hardwarenahe software,1
junior Data Analyst,1
junior Analyst,1
Technischer leiter,1
Juniorbuchhalter/in,1
umweltingenieur,1
Personalscahbearbeiter,1
Ukrainisch,1
Sobar,1
VERTRIEB MÖBEL,1
8000,1
rettungsdienst,1
Mitarbeiterin Personal Rottweil,1
heizungsbauer,1
Krankenhaus,1
Roboter,1
ersatzteile,1
Verkaufsleiter Lebensmittel Großhandel,1
Verkaufsleiter Lebensmittel,1
technologie consultant,1
ingenieur maschinenbau,1
etec consult,1
Calibration,1
Montagehelferin,1
Operations,1
Sachbearbeiter/in Versand,1
CAD-Mitarbeiter/in,1
Softwareentwickler,1
Currenta,1
dachdecker,1
trockenbau,1
Müllwerker,1
Inkasso-Sachbearbeiter/in,1
sachbearbeiter inkasso,1
3D,1
Rosenbauer,1
Fleischereiverkäuferin,1
نموش النمر المنقط,1
Projektleiter IT Mecklenburg Vorpommern,1
sekretär/in,1
Erodierer/in,1
Werkzeugbauer/in,1
rime,1
adac,1
Leiter IT hands on,1
büroassistent/in,1
visual basics,1
mobility,1
haushaltshilfe,1
Technische/r Dokumentar/in,1
Viessmann,1
smd,1
Area sales manager mexiko,1
werkstoff,1
Area sales manager spanisch,1
Gsk,1
Csl pharma,1
Erodierer,1
Lok,1
Lokführer,1
auto Verkäufer/in,1
Verkäufer/in Autohaus,1
rmk,1
quereinsteiger rems murr klinik,1
augen,1
optik,1
Finanzbuchhaltung,1
Umwelt-Analytiker/in,1
Umweltingenieur/in,1
Aushilfe Verkauf,1
bürohilfskraft,1
Controllingassistent/in,1
Ingenieur erneuerbare Energien,1
Energiewirtschaft,1
lehrassistentin,1
lehr,1
schichtleiter,1
schichtkoordinator,1
Ingenieur/in Verfahrenstechnik,1
Regenerative Energien,1
Werkstattleiter,1
Maschinenschlosser,1
Techniker Elektro,1
Maschinnist,1
Hebamme/Entbindungspfleger,1
außendienst sport,1
ECM,1
Klemens,1
labor,1
Referent/in für Controlling,1
Pflegehilfe,1
Pescher 1913,1
Werkstofftprüfer,1
Pescher,1
Fleischer,1
mechaniker,1
Führungskräfte,1
Werkstudent Marketing,1
ausbildung Fachmann  für Systemgastronomie,1
Learning,1
C dev,1
Head of Projekt Management,1
биопаспорт,1
infomazion,1
mitarbeiter qualitätssicherung,1
keramik,1
ceramic,1
composite,1
brake,1
Reservierung,1
Rolladen Monteue,1
FWNSTERBAU,1
dairy,1
catle,1
chicken,1
pig,1
Medientechnologe Druck,1
erzieher,1
Hotellerie,1
Hainburg,1
front end,1
illertissen,1
Rime,1
"Spülerin, Brötchen belegen",1
Mitarbeiter lager und logistik,1
Solution Consultant,1
Solution architect,1
web,1
QUEREINSTEIGER,1
büro teilzeit,1
sattler,1
Systementwickler,1
bürohilfe,1
Werner companies,1
Statistisches Bundesamt,1
Kfz Serviceberater,1
Verkaüferin,1
Ausbildung zum Kaufmann für Marketing\xadkommunikation (m/w/d),1
Consultantin,1
Ausbildung zum Industriemechaniker (m/w/d),1
Ausbildung zum Industriekaufmann (m/w/d),1
Kaufmännischer Mitarbeiter (w/m/d) im Kundenservice,1
Qualitätssupervisor (m/w/d),1
Strategischer Einkäufer (m/w/d) Schwerpunkt Handelsmarken,1
salzgiter,1
Kfz-Mechatroniker (m/w/d),1
salzgitter,1
Gärtner/-in (m/w/d) Fachrichtung Garten- und Landschaftsbau,1
HOPPECKE,1
Sachbearbeiter Buchhaltung (m/w/d)*,1
Kundendienstmeister (m/w/d),1
Kundenbetreuer im Außendienst,1
Jornalismus,1
swi,1
fahrassistanz system,1
FAS,1
nano radar,1
Fußbodenleger,1
tiaschler,1
Optikingenieur/in,1
bauteilverantwortlich,1
Teamleiter/in adas,1
Team,1
junior controlle,1
Head of crm,1
Sitzende Tätigkeit,1
Textilverkäuferin,1
Visual merchandiser,1
gesundheits- und krankenpfleger--schwester,1
Soziale dienste,1
Linux,1
Terraform,1
Teamleiter/in Auftragsabwicklung,1
Auftragsmanager/in,1
Teamleiter/in Planung,1
Qualitätssicherung ohne Deutschkenntnisse,1
Jobcoach,1
vetrieb,1
Qualitätssicherung/ ohne Deutschkenntnisse,1
die grünen engel,1
Adobe experience platform,1
butterback,1
Adobe,1
Web analytics,1
Rehabilitationspädagogik,1
Rehabilitationspädagog,1
Rehabilitation,1
Teamleiter/in Marketing,1
Projektsteuerer,1
Polizist/in,1
Gasturbine,1
Industriemeister Mechatronik,1
produkt,1
Tankstellenberatung,1
pflege,1
Baumaschinenführer,1
Ausbildung berufskraftfahrer/in,1
Stammdatenmanagement,1
Vertreter,1
Refa,1
Manager erneuerbare Energien,1
erneuerbare Energien,1
SAP Administrator,1
Minijobs,1
Fußball,1
Polier/in,1
produktdesigner,1
floristin,1
sportmanagement,1
Service kraft Altenheim,1
Prozessmanagement,1
jobware,1
Produktionsmita,1
Telematik,1
Produktionsarbeiter,1
Verkaufstrainer,1
sales coach,1
Elektro Maschinenbau,1
Rezeptionskraft,1
IT-Produktmanager/in,1
Scrum,1
90579,1
Automobilverkäufer Mobilforum,1
Datentypist Homeoffice,1
Hoteltester,1
SWR Südwestrundfunk,1
Stadt Borgholzhausen,1
41464,1
nachhaltigkeitsmanage,1
nachhaltigkeitsmanager,1
nachhaltigkeitsmanagement,1
nachhaltigkeit,1
Audi,1
Küchenjobs,1
Cafes,1
account manager,1
53347,1
Agrarwissenschaften,1
aschinen und anlagenführer,1
pädagogik,1
neumann krex und,1
neumann krex,1
Gemeinde Arbeiter,1
Head o,1
sozialwissenschaften,1
Vermissung ingineur,1
ሃንድወርክ,1
tat ort reiniger,1
PMO,1
Projekt Management,1
Industriemechaniker/in service,1
strategischer einkauf,1
BTA,1
Konstrukteur/in Kunststofftechnik,1
denkmal,1
Justiz,1
DB Reiniger,1
DB,1
arbeit,1
FFR,1
fes,1
Kreditorensachbearbeiter/in,1
Wiesag,1
Wiesag Sicherheit,1
Wiesag Securiti,1
Automobilkaufmann,1
technik,1
Gemeindevollzug,1
Gemeindevollzugsdienst,1
Supply-Chain-Manager/in,1
Aufzug,1
fördertechnik,1
optical design engineer,1
Beschaffung,1
Fachangestellte für Zahnmedizin,1
Tierwohlbeauftragter,1
Mitarbeiter/in Automotive,1
Betreungskraft,1
JET Tankstellen Deutschland GmbH,1
Kulturwissenschaften,1
vhs,1
embedded linux,1
Installateur/in,1
Embedded,1
Empfang Büro,1
Electromecanico,1
Geafiker,1
haustechniker,1
Молодша медична сестра,1
Werkstudent Architektur,1
Lüchtenhof,1
bioladen,1
Systemtechnik,1
rechtsanwaltsfachangestellte,1
büro/r,1
notar,1
Trainee Management,1
Mathematik,1
.net freelance,1
freelance,1
Fahrzeugbau,1
helcotec,1
Modedesigner,1
Heileruiehungspfleger,1
kauffrau im Büromanagment,1
vERFAHRENSTECHNIK KUNSTSTOFF,1
Project Manager,1
Hanns Seidel Stiftung,1
Einrichtungsleitung,1
Öffentlicher Diensta,1
Wissenschaftler it,1
Drucktechniker/in,1
Environmental Engineer,1
Resource Efficiency in Architecture and Planning,1
Cfo,1
augenoptik,1
robotics,1
Technische/r dokumentation,1
Produktmarketing,1
Kipu,1
Angebotsmanager/in,1
Kipu quantum,1
Lagermeister/in,1
Zojgefitmarauisha4rbajten15jarefinazamtwiesbadenhaltsajmmajzzohgegjeklonemehajivarumfirmaraushefvinteralefallzmajnepapir4personashefcokicandreazojgewwwziegledezojgemajmanselimhagjimehaji30jarearbajtendoiclandimewiesbaden1adrestaunusstrashe342majzeshtraseisuftuficvonum3netelbregstrash4dozajmshelegram3nshtefanbornstrashe9majnmanhijegrshtorbenishbinfraugjrlonemehajiishlebenfryrentesozialdozajm1400dojcmarkezfallzrente300hundereroishlebenzojge15jarear finazamthaltsajm2renteselimgjejlonemehaji400hundererozojgehaltsajmfinazamz2rente45jare400hundererozojgeao OK avarummishthelfenmajndukumentafallzshtutgartminhenzojgesuchenfallzshfigetoktekomazilshtutgartzojepolizajikontrollenselimgjejlobemehaji,1
Strabbag,1
Kunststoff Leitung,1
Automatisierungstechnik,1
Haushälter,1
Atelir,1
Atelier,1
Kaufrrau für büromanagement,1
Webdesing,1
küchenplaner,1
Einbauküche,1
Kurier,1
Reporting,1
Minjob,1
entrümplung,1
gis enngener,1
gis analitičar,1
einzelhandel helfer,1
einzelhandelhelfer,1
Fitness Trainer,1
Konditor,1
Water Science,1
"Quereinsteiger, Maler und Lackierer",1
Aushilfe Gastronomie,1
franchise,1
industriemechaniker,1
Hospiz,1
Geographie,1
Energiemanagementbeauftragter,1
Rechtsanwalts- und Notarfachangestellte,1
MASCHINENBAUTEHCNIKER,1
MASCHINENBAUTECHNIKER,1
DATA SCIENTIST,1
MASCHINENBAU,1
Maniküre,1
Schleif,1
Operativer Einkauf,1
Berufspädagoge,1
Stationsleiter/in,1
Fahrer/B Teilzeit,1
autogrill,1
Geoinformatiker/in,1
Sql remote,1
versicherungskammer bayern,1
Dguv3,1
/Backoffice,1
vertriebsinnendienst,1
Lang,1
sonnenschutz,1
Oberbank,1
21256,1
reex,1
Betreungsassistent,1
93413,1
vertrieb manager,1
carle,1
ECC 6.0,1
VGF,1
Personalassistent/in,1
IT-Systemelektroniker,1
Back Office,1
Induatriekauffrau,1
jobcoach,1
erwachsenenbildung,1
Radas,1
Radas 102777,1
Radas 102777 december18,1
Nachrichtentechnik,1
fachwirt,1
krankenkasse,1
Teizeit,1
director,1
President,1
tankstelle,1
Produktionsmanager/in,1
Systemadministrator,1
Straßenbauingenieur/in,1
Strassenbauer,1
erp-consult,1
Messtechniker/in,1
Fachergotherapeutin,1
Leitung Betreuung,1
Ngo,1
berufstrainingszentrum,1
Fachkraft für Veranstaltungstechnik,1
Ssv,1
Chemie außendienst,1
Verpacker,1
Zuliefere,1
Schülerhort,1
3D Artist,1
Klavierlehrer,1
Gesundheitswissenschaften publik health,1
Schuhfertiger,1
OP,1
op schwester,1
Spül,1
spülkraft,1
Flughafen Düsseldorf GmbH,1
Flughafen Düsseldorf spülgraft GmbH,1
سكس مقاطع حلوه بنات واضح,1
Fuhrparkmanager/in,1
Weinbau,1
Testfahree,1
Überführen,1
Paketdienst,1
Beikoch,1
Medizintechnik technologiemamgament,1
Schichtführer,1
mechanische fertigung,1
Verwaltungsfachangestellte*r (w/m/d) Liegenschaften,1
Stadt Norderstedt,1
Fahrzeugpflege,1
Polizei,1
Öffentlicher Dienst,1
technischer leiter,1
leiter instandhaltung,1
Krankenversicherungen,1
Projektmanager live kommunikation,1
Landeshauptstadt,1
31241,1
Rezeptionsmitarbeiter,1
Weinberg,1
Msl,1
Medical Sciences Liason,1
Supply-Chain-Analytiker/in,1
Beschaffungsmanager/in,1
lagerarbeiter,1
Sommelier,1
Wein,1
volkswirtschaft,1
Weinfachberater,1
Ministerium,1
Head of Talent Aquisition,1
Technischer Zeichner,1
Sozialhelfer,1
Legal,1
Lagerleiter,1
Fachkraft Lebensmitteltechnik,1
Wochenende frei,1
Qualitätsmangementbeauftragter,1
Qmb,1
IPR,1
Sachbearbeiter/in Immobilienverwaltung,1
Immobilienverwalter/in,1
medizinische fachangestellte,1
Technische/r Architekt/in,1
Sachbearbeiter/in Zoll,1
praktikum fachinformatiker,1
ausbildung fachinformatiker,1
Pharmacist,1
Pharmaceutical industries,1
Mtr,1
SOC Manager,1
Informationssicherheit,1
Kaufmann/-frau e Commerce,1
verkäufer/in außendienst,1
Geografie,1
herder,1
Hilfsarbeiten,1
44,1
Schülerjobs,1
Bäckerein,1
Key,1
QS,1
Chemotechniker,1
Dahn,1
reha team busch,1
psychotherapeut,1
lakierer,1
pädagogische fachkraft,1
Quere,1
Geograph,1
Vollzeit Quereinsteiger,1
Senior HR Manager,1
Teilzeit vollzeit,1
head of talent,1
talent,1
fsj,1
Ausendienst,1
fahrradmechaniker,1
60488,1
dual studium,1
e-mobility,1
Capgemini,1
Mediengestalter digital und print,1
sonderpädagogin,1
32760,1
Rehaklink,1
mees,1
"Winnenden, 25 km, projektleiter",1
Fondsmanagement,1
Portfoliomanagement,1
Hörakustik,1
Erziehungsberatung,1
Beratungsstelle,1
junior it,1
Studienassistentin,1
finanzbuchhalter,1
Einkäufer/in Maschinenbau,1
Maler und Lachera,1
meister techniker,1
No degree,1
CIO,1
Kauffrau im E-commerce,1
Trainee ökonomie,1
Schlüsselreinigung,1
Empfangsdame,1
Baumaschinen,1
Baumaschinen Service,1
personalreferent trainee,1
Datenmanagement,1
Informationsmanager/in,1
brand management,1
hunde,1
hundepension,1
Ernährungswissenschaft,1
Ohne Vorkenntnisse,1
Technical orthopedic,1
Modopädie,1
promoter,1
Teamleiter/in Sicherheit,1
Solar,1
Vertriebssachbearbeiter,1
Transportmanager/in,1
technischer produktdeigner,1
technischer produktdesigner,1
Tfa,1
Projektleiter Hochbau,1
Wirtschaftsingenieur,1
chief operating officer,1
vice president operations,1
Webmaster,1
vertrieb Food,1
vertireb,1
arbeitserzieher,1
haushalt,1
Mainframe,1
Service kraft in Reustoran,1
altenpfleger,1
assistenzärztin,1
Innovationsmanager,1
Operativer Leiter,1
ifb,1
Erbrecht,1
Dienstbarkeit,1
Mikrobiologin,1
Mietrecht,1
ansys,1
Bereichsleiter/in,1
lean black belt,1
Kaufmann im gesundheitswesen,1
Logistikmanager,1
Zahnmedizinische Fachangestelle,1
zahnarzthelferin,1
Kundenservice,1
Gelsenkirchen,1
Dokumentar/in,1
Assistant,1
Teiledienst,1
SAP hcm inhouse Consult,1
Zweibrücken,1
volljurist,1
berufsfeuerwehr,1
werksfeuerwehr,1
Umweltmanager/in,1
corporate Finance,1
Diabetesberater,1
Medizinische Verwaltungsassistenz,1
Monteur Gasmess- und Regeltechnik (w/m/d),1
Kraftverkehrsmeistet,1
Theben,1
Siemens,1
Datentechnik,1
Netzwerktechnik,1
Wago,1
Usv,1
touristik,1
"Kommunikation, Medien",1
Werkstattmeister/in,1
Bäckerei Konditorei,1
Radisson blu hotel,1
Produkzionsplaner,1
Teamled PAyroll,1
Teamlead PAyroll,1
Teamlead Payroll,1
Payroll Service,1
Leiter Lohn- und Gehaltsabrechnunge,1
Leiter Lohn- und Gehaltsabrechnung,1
Handelsvertreter/in,1
Futtermittel,1
liebherr,1
Senior Softwareentwickler,1
unterkirnach,1
Fachinformatik,1
Großhandelskauffrau,1
Avale,1
Quereinsteiger Home Office,1
ingolstadt,1
audi,1
Haushaltskraft,1
Haushalt,1
3d desinger,1
geografie,1
geographie,1
learning,1
Junior Ingenieur Projektmanagement,1
Junior Projekt,1
Research münchen,1
Research,1
kuka,1
53498,1
Quereinsteiger Teilzeit,1
Importsachbearbeiter/in,1
Steuersachbearbeiter/in,1
Input,1
Seminarmanagement,1
Requirement,1
Parttime,1
Online,1
Medizin-Physiker/in,1
Data Analyst zahnmedizin,1
Dozent/in online,1
لوله کش,1
Heilpädagogin,1
IT System Engineer,1
MEG,1
Microsoft SharePoint,1
LAgerlogisitk,1
maschinenbaut,1
Kaufmännische Angestellte Festanstellung,1
maurer,1
Systemkaufmann jahrespraktikum,1
Physiktechniker/in,1
Bmw,1
Weichen,1
Oberbau,1
event management,1
Trainee Software,1
Trainee Softwareentwicklung,1
Trainee it,1
Vertrieb International hamburg,1
Ingenieur/in wasserwurschaft,1
Ingenieur/in wasserwirschaft,1
Konferenz,1
wasserwirschaft Ingenieur/in,1
wasserwirschaft,1
quereinsteiger handwerklich,1
Agoform,1
abwassertechnik,1
Pistenraupa,1
Technische/r Berater/in,1
Pistenraupe,1
Technischer vertrieb,1
Winterdinst,1
München,1
Heimtex,1
Heimtextil,1
Administration,1
Steuerfachgehilfe/in,1
Innenarchitekt,1
bauphysik,1
1st level,1
Schreiner schalungsbau,1
schalungsbau,1
Westdeutsche Lotterie GmbH,1
Sachbearbeitung disposition,1
Bauernhöfe,1
koelnmesse,1
Betreuung kraft,1
Ausbildung kauffrau büromanagment,1
Leiter/in Entwicklung Software,1
Leiter/in Entwicklung,1
it techniker,1
Kinder,1
Riester,1
Tanktank,1
fachinformatik,1
Finanzberater/in,1
Laborsachbearbeiter,1
Gerhkokoski@gmail.com,1
Bestellungen,1
cannabis,1
spray drier,1
EHS,1
Rezeptionist,1
Systemkaufman,1
event,1
falch gmbh,1
gefahrstoff,1
Vertriebsmitarbeiter/in Medizin,1
Hund,1
java,1
penny,1
richter und renzel,1
baywa,1
Honold LTS North,1
Mitarbeiter/in Automatisierungstechnik,1
mini,1
Automatisiertanlagen,1
Medikament lie,1
Support,1
urbanes,1
controllre,1
business development,1
Dna nanotechnologie,1
Testing,1
Nanotechnologie,1
People Operations Officer. ⬆️⬆️,1
Bereichsleiter,1
mc donalds,1
Brillux,1
Zubehör,1
Vorstandsassistent,1
Hilfsarbeiter,1
kinderarzt,1
Gremienbetreuung,1
kaufmann büromanagment,1
kaufmann für büromanagement,1
77933,1
Flugafen sicherheit,1
serviceleiter,1
Frosio,1
Korrosionsschutz,1
Maler- und Lackierermeister,1
Lackierermeister,1
IT Cyber Security,1
IT Cyber Security Praktikum,1
Chefsekretärin,1
IT-System-Techniker/in,1
Montagefahrad,1
Fahrradmechaniker,1
Berater/in Supply Chain Management,1
Managementberater/in,1
Versicherungsmakler/in,1
Rohrreinigung,1
SPARKASSE,1
Buchhandlung,1
schüler,1
cost,1
Pferd,1
Studium Wirtschaftsrecht,1
Anmeldung,1
cro,1
Produktmanager für Bedarfsmanagement Kunden,1
Minijops,1
Physiotherapeutin bundeswehr,1
Ingenieur/in Entsorgungstechnik,1
Projektleiter/in Entwicklung,1
Möbelhandel,1
500 Euro Job steuerfrei,1
hensoldt assistenz,1
Wirtschaftswissenschaftler,1
qualitätssicherung,1
Marktumbau,1
Sachbearbeitung immobilien,1
SEO,1
bildung für nachhaltige entwicklung,1
hauswirtschaft,1
befristet,1
Ausbilder Fachverkäuferin,1
Fachverkäuferin Bäckerei,1
Rechtsanwalt,1
Geologie,1
stellvertretende personalleitung,1
Jöst abrasives,1
hans conzen,1
trolli,1
Textil,1
vbl,1
caravan,1
paravan,1
Textil Bekleidung,1
Sport Jurist,1
Sportmanager,1
ked ahead,1
Referent Administration und finanzen,1
Leiter/in Finanzwesen,1
junior Media manager,1
Müllabfuhr,1
krankenschwester,1
Mitarbeiter in der Qualitätssicherung,1
Bewährungshilfe,1
medizinische dokumentationsassistentin,1
Selbstständig,1
IT Praktikum,1
sanitätshaus,1
proxy product owner,1
Maschinen und Anlagenbediener,1
Umwelt*,1
Chemi*,1
Beleuchtung,1
Lichtberatung,1
Sportforum berlin,1
Siteco,1
studierendenjob soziologie,1
abwasser,1
osint,1
barista,1
bar,1
Management Tourismus,1
Junior sales manager,1
Quereinsteiger sales,1
Systemdesign,1
Bauingenieur verkehr,1
Müller,1
Kodi,1
toxikologie,1
biomedizin,1
cnc bediener,1
DPD,1
Assistent/in,1
IT-Techniker/in,1
musik,1
Offshore,1
demand,1
compliance basel,1
bank basel,1
compliance,1
bank,1
finanzen,1
emv,1
Industriekaufmann/-frau teilzeit,1
Protuktionsmitarbeiterin,1
vermop,1
symfony,1
Fachberatung,1
Maller,1
geschäftsführer,1
Test Automation Engineer,1
Loreal,1
Chefredakteur/in,1
Chef de Partie,1
Gestalterin für visuelles Marketing,1
Textillaborantin,1
Caritas,1
Ekato,1
Fitnessökonom,1
smart terra,1
smartTERRA GmbH,1
fmo,1
heggemann,1
"Anmeldung, rezeption Arztpraxis",1
Aushilfe teilzeit,1
objective partner,1
objective partner AG,1
Bio Bäckerei Bihn,1
Volksbank Kurpfalz eG,1
Bratfisch Autoglas Schnelldienst AGS e.K.,1
Stadt Weinheim,1
Auto Knapp GmbH,1
autowelt ebert,1
Autohaus Sporer GmbH,1
Unger Haustechnik GmbH,1
Butsch GmbH,1
"1. Weinheimer Bestattungsunternehmen e.G., Klaus Pflästerer",1
K.-H. Weidler GmbH,1
Antonius-Apotheke,1
Knapp GbR Parkett,1
Sanitätshaus Krüger GmbH,1
Gartenwelt Schumacher,1
"Fries Elektro, Inh. Rolf Eichler",1
"Auto Schollenberger GmbH, Ford",1
Baumag Georg Katzenmeier GmbH,1
Optik Gross,1
Schilling Bedachung u. Gerüstbau GmbH,1
Bergsträßer Winzer eG,1
Sanitär Gärtner GmbH,1
kauffrau für büromanagement,1
Alten- und Pflegeheim Hardberg GmbH,1
Obsthof Bitzel,1
Logistik BWL,1
Lübben,1
Cottbus,1
Geaundheitsmanagement,1
Gesundheitsmanagement,1
Leberecht,1
Marketing-Fachmann/-frau,1
Tiefbau facharbeiter,1
Qualitätssischerung,1
Haustechniker/hausmeister,1
Transporter,1
Stadtwerk,1
Schuhverkäuferin,1
gartenbau,1
gartenhelfer,1
Einzelhandelskauffrau,1
Datenbank-Administrator/in,1
Reklamation,1
teamleiter industrie,1
Cio,1
baramundi software,1
Schwanhäußer Industrie Holding,1
Sensor-Technik Wiedemann,1
Magacijoner,1
Veltins arena,1
Groß- und Außenhandel bremen,1
Pharmazeutische kaufmännische Assistentin,1
Transportbeton,1
Vertriebsaussendienst,1
fräser,1
Glasfaserschweißer,1
Dreher,1
unity,1
unreal,1
unity developer,1
verkäufer/in,1
Zfa kieferchirugie,1
modeberaterin,1
staatsanzeiger eservices,1
kundenbetreuung,1
eservices,1
Gleichstellung,1
Diversity manager,1
tiermedizinische fachangestellte,1
internship data,1
Sozialwissenschaftler/in,1
Anwärter,1
Illustrator,1
assitenz der geschäftsführung,1
Dringend,1
Automechaniker,1
Erzieherin in 65468,1
Grafik,1
foto,1
Kommunikationsdesigner/in,1
Sap,1
Smd,1
Medien-Trainee,1
junior social,1
PR MAnager,1
PR Manager,1
roche,1
Unternehmenskommunikations,1
Operationstechnischer Assistent,1
cost engineer,1
lieferantenentwixcklung,1
lieferantenentwickler,1
Zentrale,1
fastenrath Befestigungstechnil GMBh,1
Referendar,1
Hauskeeping,1
Bauingenieur (w/m/d) Tragwerksplanung,1
Jugend,1
Jugendliche,1
Organisation,1
Human,1
Kdw systeme,1
Ingenieur Energie,1
mikrobiologie,1
Online Job ohne Erfahrung,1
account executive,1
Job bis 14 Uhr,1
Speditionskaufmann / -frau (w/m/d),1
Einkuaf,1
Inbetriebnahme- und Servicetechniker*in (w/m/d),1
88250,1
Testsystementwickler*in Hardware (w/m/d),1
einkauf spezialist,1
Systemingenieur*in im Bereich Security Solutions (w/m/d),1
88250 weingarten,1
Elektroniker*in für Geräte und Systeme Bedienung Automatische Optische Inspektionsgeräte,1
SAP-Spezialist/in,1
ERP-Mitarbeiter/in,1
Elektroniker*in für Geräte und Systeme (w/m/d),1
Systementwickler*in Space (w/m/d),1
itz bund,1
Category Manager für Produktionsservices,1
Teamleitung im Montagebereich Wärmebildgeräte (w/m/d),1
gabelstabler,1
20 stunden,1
Sachverständiger,1
A,1
LKW Fahrer Russischsprachig,1
eckert,1
teamleitung,1
Industriedesigner,1
Trainer Sport,1
Ausbildung Koch,1
Zahnrad,1
Zahnrad fabrik,1
Sportökonom,1
Vertriebsleiter Großküchentechnik,1
Vertriebsleiter Catering,1
Vertriebsleiter Gastronomie,1
FUNKE Logistik GmbH,1
netto,1
"Edv Anwendung, Edv Kenntnisse, Edv Software, Edv oder edv",1
netto warenhandel,1
rewe,1
Executive Director,1
head projektmanagement,1
Bdm,1
